player1,player2,winner
Beatrice,Jane,Beatrice
Alice,Beatrice,Beatrice
Alice,Gloria,Alice
Faith,Candice,Faith
Candice,Ingrid,Candice
Alice,Ingrid,Ingrid
Helen,Jane,Helen
Helen,Alice,Helen
Diana,Candice,Candice
Helen,Faith,Faith
Faith,Diana,Faith
Beatrice,Helen,Helen
Alice,Faith,Alice
Jane,Alice,Jane
Helen,Ingrid,Helen
Faith,Candice,Candice
Ingrid,Alice,Alice
Beatrice,Faith,Beatrice
Jane,Diana,Jane
Eva,Faith,Eva
Alice,Jane,Alice
Faith,Ingrid,Ingrid
Eva,Candice,Eva
Eva,Faith,Eva
Faith,Ingrid,Faith
Alice,Gloria,Alice
Beatrice,Gloria,Beatrice
Helen,Faith,Helen
Candice,Faith,Candice
Faith,Diana,Faith
Helen,Ingrid,Helen
Gloria,Helen,Helen
Eva,Jane,Eva
Alice,Gloria,Gloria
Candice,Ingrid,Candice
Beatrice,Candice,Beatrice
Faith,Eva,Eva
Jane,Diana,Jane
Beatrice,Diana,Beatrice
Eva,Helen,Helen
Alice,Helen,Helen
Gloria,Faith,Faith
Faith,Diana,Faith
Faith,Diana,Diana
Faith,Beatrice,Beatrice
Alice,Gloria,Gloria
Jane,Faith,Jane
Gloria,Faith,Gloria
Alice,Faith,Alice
Alice,Ingrid,Ingrid
Helen,Diana,Helen
Beatrice,Faith,Beatrice
Alice,Beatrice,Beatrice
Alice,Ingrid,Alice
Ingrid,Beatrice,Beatrice
Alice,Candice,Candice
Gloria,Faith,Gloria
Gloria,Eva,Eva
Diana,Faith,Faith
Eva,Diana,Eva
Beatrice,Diana,Beatrice
Beatrice,Faith,Beatrice
Helen,Beatrice,Helen
Beatrice,Diana,Beatrice
Jane,Alice,Jane
Diana,Candice,Candice
Candice,Helen,Helen
Candice,Ingrid,Candice
Beatrice,Jane,Beatrice
Beatrice,Jane,Beatrice
Beatrice,Helen,Beatrice
Alice,Ingrid,Ingrid
Jane,Beatrice,Jane
Gloria,Jane,Jane
Faith,Diana,Diana
Faith,Diana,Diana
Diana,Eva,Eva
Candice,Beatrice,Candice
Jane,Ingrid,Jane
Eva,Helen,Helen
Alice,Faith,Alice
Gloria,Alice,Alice
Candice,Faith,Candice
Alice,Eva,Eva
Gloria,Beatrice,Beatrice
Alice,Eva,Alice
Eva,Gloria,Eva
Helen,Gloria,Helen
Candice,Helen,Helen
Beatrice,Faith,Beatrice
Diana,Gloria,Diana
Jane,Alice,Jane
Eva,Ingrid,Eva
Candice,Helen,Helen
Diana,Helen,Helen
Alice,Ingrid,Ingrid
Gloria,Helen,Helen
Beatrice,Gloria,Beatrice
Alice,Ingrid,Alice
Alice,Jane,Jane
Candice,Diana,Candice
Alice,Beatrice,Alice
Candice,Ingrid,Ingrid
Ingrid,Alice,Alice
Alice,Jane,Alice
Gloria,Diana,Diana
Jane,Diana,Jane
Gloria,Beatrice,Beatrice
Alice,Faith,Alice
Candice,Diana,Candice
Diana,Eva,Eva
Helen,Diana,Helen
Gloria,Candice,Candice
Ingrid,Jane,Jane
Alice,Candice,Candice
Candice,Beatrice,Candice
Helen,Jane,Jane
Eva,Alice,Eva
Jane,Ingrid,Ingrid
Helen,Gloria,Helen
Beatrice,Candice,Beatrice
Faith,Diana,Diana
Jane,Ingrid,Jane
Alice,Eva,Eva
Helen,Diana,Helen
Gloria,Jane,Jane
Beatrice,Eva,Beatrice
Beatrice,Jane,Beatrice
Jane,Beatrice,Beatrice
Gloria,Jane,Jane
Candice,Gloria,Candice
Alice,Ingrid,Ingrid
Helen,Eva,Helen
Alice,Eva,Eva
Diana,Helen,Helen
Gloria,Diana,Diana
Diana,Jane,Jane
Helen,Gloria,Helen
Jane,Faith,Jane
Alice,Gloria,Gloria
Beatrice,Ingrid,Beatrice
Alice,Jane,Jane
Diana,Jane,Jane
Helen,Eva,Helen
Faith,Diana,Diana
Ingrid,Beatrice,Beatrice
Faith,Helen,Helen
Faith,Beatrice,Beatrice
Helen,Ingrid,Helen
Alice,Diana,Diana
Beatrice,Diana,Beatrice
Jane,Helen,Helen
Helen,Gloria,Helen
Helen,Beatrice,Helen
Jane,Diana,Jane
Faith,Candice,Candice
Gloria,Beatrice,Beatrice
Jane,Alice,Jane
Gloria,Jane,Jane
Faith,Alice,Alice
Beatrice,Diana,Beatrice
Ingrid,Faith,Ingrid
Candice,Diana,Candice
Candice,Ingrid,Candice
Diana,Gloria,Diana
Ingrid,Faith,Ingrid
Eva,Beatrice,Beatrice
Candice,Eva,Candice
Candice,Helen,Helen
Beatrice,Diana,Beatrice
Diana,Helen,Helen
Beatrice,Gloria,Beatrice
Helen,Alice,Helen
Helen,Beatrice,Beatrice
Jane,Candice,Jane
Jane,Faith,Jane
Diana,Ingrid,Ingrid
Diana,Helen,Helen
Candice,Jane,Candice
Candice,Helen,Candice
Diana,Alice,Alice
Beatrice,Faith,Beatrice
Eva,Ingrid,Eva
Beatrice,Faith,Beatrice
Candice,Ingrid,Candice
Jane,Beatrice,Jane
Diana,Helen,Helen
Gloria,Faith,Gloria
Alice,Diana,Diana
Gloria,Diana,Gloria
Helen,Candice,Candice
Beatrice,Faith,Beatrice
Beatrice,Diana,Beatrice
Eva,Ingrid,Eva
Candice,Alice,Alice
Eva,Gloria,Eva
Faith,Gloria,Gloria
Gloria,Helen,Helen
Candice,Ingrid,Candice
Jane,Beatrice,Beatrice
Diana,Ingrid,Ingrid
Gloria,Alice,Alice
Alice,Jane,Jane
Ingrid,Eva,Ingrid
Beatrice,Jane,Jane
Eva,Jane,Eva
Candice,Eva,Eva
Diana,Eva,Eva
Jane,Candice,Jane
Candice,Faith,Faith
Ingrid,Jane,Jane
Beatrice,Helen,Beatrice
Ingrid,Alice,Ingrid
Jane,Alice,Jane
Jane,Eva,Jane
Helen,Beatrice,Helen
Helen,Alice,Alice
Ingrid,Eva,Ingrid
Jane,Helen,Jane
Candice,Ingrid,Candice
Helen,Diana,Helen
Alice,Eva,Eva
Candice,Faith,Candice
Gloria,Eva,Eva
Candice,Beatrice,Candice
Helen,Diana,Helen
Gloria,Alice,Alice
Candice,Eva,Eva
Eva,Helen,Eva
Faith,Helen,Helen
Eva,Diana,Eva
Eva,Faith,Eva
Alice,Helen,Alice
Diana,Beatrice,Beatrice
Eva,Candice,Eva
Faith,Beatrice,Beatrice
Jane,Faith,Jane
Jane,Alice,Jane
Alice,Eva,Eva
Ingrid,Faith,Faith
Diana,Helen,Helen
Diana,Candice,Diana
Beatrice,Eva,Beatrice
Diana,Beatrice,Beatrice
Helen,Beatrice,Helen
Diana,Alice,Alice
Alice,Gloria,Alice
Diana,Ingrid,Ingrid
Beatrice,Alice,Alice
Jane,Beatrice,Beatrice
Gloria,Faith,Faith
Gloria,Jane,Jane
Gloria,Helen,Helen
Faith,Eva,Eva
Faith,Helen,Helen
Diana,Candice,Candice
Eva,Gloria,Eva
Eva,Gloria,Eva
Beatrice,Eva,Eva
Diana,Jane,Jane
Candice,Helen,Helen
Eva,Candice,Eva
Diana,Helen,Helen
Diana,Jane,Jane
Alice,Candice,Candice
Alice,Ingrid,Ingrid
Candice,Diana,Diana
Alice,Eva,Eva
Helen,Alice,Helen
Faith,Gloria,Gloria
Gloria,Alice,Alice
Gloria,Diana,Gloria
Diana,Alice,Diana
Helen,Ingrid,Ingrid
Beatrice,Candice,Beatrice
Candice,Eva,Candice
Gloria,Jane,Jane
Diana,Jane,Jane
Faith,Gloria,Gloria
Diana,Helen,Helen
Faith,Helen,Helen
Ingrid,Candice,Candice
Helen,Beatrice,Beatrice
Alice,Beatrice,Beatrice
Helen,Candice,Candice
Beatrice,Ingrid,Beatrice
Helen,Faith,Helen
Faith,Ingrid,Ingrid
Gloria,Alice,Alice
Jane,Faith,Jane
Helen,Ingrid,Ingrid
Helen,Candice,Helen
Beatrice,Gloria,Beatrice
Beatrice,Gloria,Beatrice
Eva,Helen,Eva
Beatrice,Alice,Beatrice
Jane,Gloria,Jane
Gloria,Helen,Helen
Beatrice,Gloria,Beatrice
Diana,Alice,Alice
Diana,Gloria,Gloria
Faith,Helen,Helen
Gloria,Helen,Helen
Alice,Diana,Alice
Candice,Beatrice,Candice
Gloria,Alice,Gloria
Diana,Ingrid,Diana
Beatrice,Helen,Helen
Jane,Beatrice,Beatrice
Beatrice,Alice,Beatrice
Diana,Beatrice,Beatrice
Gloria,Diana,Diana
Jane,Alice,Jane
Faith,Alice,Faith
Ingrid,Candice,Candice
Jane,Faith,Jane
Candice,Jane,Jane
Alice,Helen,Alice
Alice,Candice,Candice
Candice,Beatrice,Beatrice
Ingrid,Faith,Ingrid
Jane,Diana,Jane
Diana,Candice,Candice
Jane,Diana,Jane
Faith,Candice,Candice
Alice,Beatrice,Beatrice
Beatrice,Helen,Beatrice
Eva,Gloria,Eva
Helen,Diana,Helen
Jane,Diana,Jane
Alice,Eva,Eva
Helen,Faith,Helen
Jane,Ingrid,Jane
Helen,Candice,Helen
Helen,Diana,Helen
Eva,Ingrid,Eva
Helen,Ingrid,Helen
Diana,Faith,Diana
Alice,Diana,Diana
Candice,Jane,Jane
Ingrid,Jane,Jane
Faith,Diana,Diana
Faith,Gloria,Faith
Beatrice,Helen,Beatrice
Alice,Jane,Jane
Helen,Gloria,Helen
Eva,Gloria,Eva
Ingrid,Faith,Ingrid
Diana,Gloria,Diana
Alice,Jane,Jane
Ingrid,Diana,Diana
Candice,Diana,Candice
Beatrice,Helen,Beatrice
Beatrice,Candice,Beatrice
Beatrice,Eva,Beatrice
Jane,Diana,Jane
Helen,Candice,Candice
Ingrid,Helen,Helen
Helen,Eva,Eva
Beatrice,Gloria,Beatrice
Gloria,Beatrice,Beatrice
Candice,Beatrice,Candice
Alice,Gloria,Alice
Helen,Ingrid,Helen
Ingrid,Alice,Ingrid
Helen,Alice,Alice
Faith,Gloria,Faith
Jane,Ingrid,Jane
Gloria,Faith,Gloria
Gloria,Candice,Gloria
Faith,Candice,Candice
Ingrid,Beatrice,Beatrice
Candice,Ingrid,Candice
Alice,Jane,Jane
Alice,Beatrice,Beatrice
Alice,Ingrid,Ingrid
Faith,Gloria,Faith
Helen,Beatrice,Helen
Jane,Diana,Jane
Alice,Eva,Eva
Alice,Jane,Jane
Alice,Gloria,Alice
Candice,Helen,Helen
Jane,Faith,Jane
Alice,Gloria,Alice
Eva,Jane,Eva
Faith,Gloria,Gloria
Alice,Diana,Alice
Faith,Helen,Helen
Beatrice,Alice,Beatrice
Helen,Alice,Helen
Diana,Gloria,Gloria
Gloria,Eva,Eva
Candice,Alice,Alice
Diana,Beatrice,Beatrice
Eva,Ingrid,Eva
Alice,Ingrid,Alice
Diana,Gloria,Diana
Gloria,Faith,Gloria
Helen,Diana,Helen
Beatrice,Jane,Beatrice
Diana,Ingrid,Diana
Jane,Alice,Alice
Faith,Ingrid,Ingrid
Gloria,Candice,Candice
Faith,Eva,Faith
Gloria,Candice,Candice
Ingrid,Eva,Eva
Ingrid,Jane,Jane
Faith,Jane,Jane
Ingrid,Eva,Eva
Eva,Candice,Eva
Diana,Beatrice,Beatrice
Alice,Candice,Candice
Faith,Diana,Diana
Ingrid,Diana,Ingrid
Eva,Jane,Jane
Ingrid,Faith,Faith
Helen,Diana,Helen
Faith,Jane,Jane
Gloria,Alice,Gloria
Helen,Faith,Helen
Faith,Ingrid,Faith
Candice,Jane,Jane
Gloria,Eva,Eva
Eva,Diana,Eva
Jane,Eva,Eva
Helen,Ingrid,Helen
Alice,Ingrid,Alice
Helen,Faith,Faith
Diana,Candice,Candice
Beatrice,Helen,Beatrice
Faith,Ingrid,Ingrid
Alice,Jane,Jane
Ingrid,Alice,Ingrid
Gloria,Helen,Helen
Faith,Helen,Helen
Ingrid,Jane,Jane
Faith,Gloria,Gloria
Gloria,Jane,Jane
Gloria,Alice,Alice
Ingrid,Beatrice,Beatrice
Diana,Beatrice,Beatrice
Ingrid,Eva,Eva
Diana,Beatrice,Beatrice
Gloria,Alice,Alice
Helen,Eva,Eva
Diana,Gloria,Gloria
Gloria,Eva,Eva
Eva,Helen,Helen
Alice,Gloria,Alice
Eva,Gloria,Eva
Candice,Diana,Candice
Gloria,Candice,Candice
Diana,Alice,Diana
Ingrid,Faith,Faith
Jane,Beatrice,Beatrice
Faith,Candice,Candice
Alice,Helen,Helen
Faith,Alice,Faith
Eva,Alice,Eva
Faith,Gloria,Gloria
Ingrid,Beatrice,Beatrice
Beatrice,Jane,Beatrice
Faith,Candice,Candice
Ingrid,Diana,Ingrid
Faith,Eva,Eva
Beatrice,Ingrid,Beatrice
Ingrid,Faith,Ingrid
Alice,Gloria,Gloria
Diana,Jane,Jane
Gloria,Alice,Gloria
Gloria,Faith,Gloria
Helen,Jane,Helen
Faith,Alice,Alice
Candice,Beatrice,Beatrice
Ingrid,Alice,Ingrid
Diana,Gloria,Diana
Gloria,Helen,Helen
Ingrid,Faith,Ingrid
Helen,Jane,Helen
Gloria,Candice,Candice
Candice,Faith,Candice
Alice,Faith,Faith
Jane,Diana,Jane
Gloria,Candice,Candice
Gloria,Jane,Jane
Gloria,Eva,Eva
Eva,Faith,Eva
Gloria,Alice,Alice
Beatrice,Candice,Beatrice
Faith,Beatrice,Beatrice
Jane,Candice,Jane
Ingrid,Candice,Ingrid
Eva,Ingrid,Eva
Diana,Jane,Jane
Faith,Helen,Helen
Eva,Gloria,Eva
Gloria,Helen,Helen
Ingrid,Diana,Ingrid
Helen,Alice,Helen
Jane,Alice,Jane
Alice,Beatrice,Alice
Helen,Alice,Helen
Faith,Ingrid,Ingrid
Candice,Beatrice,Beatrice
Candice,Gloria,Candice
Eva,Jane,Jane
Gloria,Helen,Helen
Faith,Helen,Helen
Helen,Faith,Helen
Candice,Eva,Eva
Faith,Alice,Faith
Beatrice,Candice,Beatrice
Jane,Gloria,Jane
Eva,Candice,Candice
Eva,Alice,Eva
Ingrid,Diana,Ingrid
Ingrid,Alice,Ingrid
Gloria,Eva,Gloria
Ingrid,Faith,Ingrid
Alice,Faith,Alice
Eva,Diana,Eva
Alice,Ingrid,Ingrid
Eva,Gloria,Eva
Ingrid,Candice,Ingrid
Beatrice,Eva,Beatrice
Candice,Ingrid,Candice
Faith,Beatrice,Beatrice
Eva,Helen,Eva
Diana,Alice,Alice
Candice,Alice,Alice
Gloria,Alice,Gloria
Jane,Helen,Jane
Jane,Alice,Alice
Gloria,Faith,Faith
Candice,Helen,Helen
Diana,Alice,Diana
Eva,Beatrice,Beatrice
Eva,Alice,Eva
Gloria,Beatrice,Beatrice
Gloria,Helen,Helen
Alice,Gloria,Gloria
Faith,Ingrid,Ingrid
Diana,Helen,Diana
Helen,Faith,Helen
Helen,Faith,Helen
Beatrice,Candice,Candice
Jane,Alice,Jane
Candice,Diana,Candice
Candice,Faith,Candice
Diana,Helen,Helen
Diana,Gloria,Gloria
Alice,Diana,Diana
Eva,Faith,Eva
Diana,Jane,Jane
Jane,Faith,Jane
Helen,Jane,Helen
Gloria,Candice,Gloria
Ingrid,Eva,Eva
Eva,Ingrid,Eva
Eva,Jane,Eva
Helen,Beatrice,Beatrice
Candice,Helen,Helen
Gloria,Eva,Eva
Faith,Helen,Helen
Faith,Candice,Faith
Beatrice,Faith,Beatrice
Eva,Jane,Jane
Jane,Diana,Jane
Gloria,Beatrice,Beatrice
Gloria,Alice,Gloria
Candice,Diana,Candice
Candice,Faith,Candice
Jane,Diana,Jane
Diana,Helen,Helen
Diana,Ingrid,Ingrid
Alice,Candice,Alice
Beatrice,Diana,Beatrice
Alice,Faith,Faith
Candice,Helen,Helen
Faith,Alice,Alice
Helen,Beatrice,Helen
Helen,Gloria,Helen
Alice,Eva,Eva
Ingrid,Alice,Alice
Ingrid,Helen,Helen
Beatrice,Faith,Beatrice
Gloria,Diana,Gloria
Alice,Diana,Alice
Beatrice,Gloria,Beatrice
Gloria,Jane,Jane
Faith,Candice,Candice
Beatrice,Ingrid,Beatrice
Beatrice,Helen,Beatrice
Diana,Beatrice,Beatrice
Jane,Candice,Candice
Candice,Gloria,Candice
Jane,Helen,Helen
Diana,Beatrice,Beatrice
Eva,Beatrice,Eva
Candice,Beatrice,Beatrice
Gloria,Beatrice,Beatrice
Jane,Eva,Eva
Candice,Ingrid,Ingrid
Beatrice,Diana,Beatrice
Helen,Beatrice,Beatrice
Eva,Beatrice,Beatrice
Eva,Jane,Jane
Candice,Helen,Helen
Helen,Beatrice,Helen
Alice,Gloria,Alice
Helen,Eva,Eva
Jane,Ingrid,Jane
Gloria,Helen,Helen
Beatrice,Helen,Beatrice
Candice,Helen,Helen
Jane,Helen,Helen
Alice,Helen,Helen
Faith,Eva,Eva
Ingrid,Alice,Ingrid
Candice,Ingrid,Ingrid
Alice,Diana,Diana
Alice,Helen,Helen
Diana,Helen,Helen
Alice,Diana,Alice
Helen,Eva,Helen
Diana,Beatrice,Beatrice
Candice,Helen,Helen
Diana,Candice,Candice
Ingrid,Diana,Ingrid
Helen,Gloria,Helen
Candice,Ingrid,Candice
Jane,Eva,Jane
Diana,Ingrid,Ingrid
Candice,Helen,Candice
Candice,Faith,Candice
Alice,Gloria,Alice
Diana,Eva,Eva
Diana,Alice,Alice
Jane,Alice,Jane
Ingrid,Candice,Candice
Ingrid,Eva,Eva
Gloria,Beatrice,Beatrice
Ingrid,Candice,Candice
Alice,Jane,Jane
Ingrid,Candice,Candice
Diana,Alice,Alice
Eva,Faith,Eva
Faith,Candice,Candice
Helen,Gloria,Helen
Alice,Faith,Faith
Helen,Candice,Helen
Ingrid,Candice,Ingrid
Eva,Beatrice,Eva
Candice,Faith,Candice
Faith,Eva,Faith
Alice,Gloria,Alice
Alice,Diana,Alice
Alice,Gloria,Alice
Ingrid,Diana,Ingrid
Diana,Faith,Diana
Jane,Helen,Jane
Ingrid,Diana,Ingrid
Gloria,Alice,Alice
Candice,Beatrice,Beatrice
Jane,Faith,Jane
Beatrice,Faith,Faith
Jane,Faith,Jane
Ingrid,Eva,Eva
Eva,Faith,Eva
Jane,Helen,Jane
Jane,Candice,Jane
Jane,Eva,Eva
Jane,Faith,Jane
Candice,Faith,Candice
Diana,Eva,Eva
Gloria,Helen,Helen
Helen,Beatrice,Helen
Helen,Candice,Candice
Alice,Faith,Faith
Beatrice,Gloria,Beatrice
Gloria,Faith,Faith
Eva,Diana,Eva
Alice,Beatrice,Beatrice
Helen,Jane,Jane
Helen,Candice,Candice
Alice,Candice,Candice
Diana,Alice,Alice
Ingrid,Candice,Candice
Jane,Gloria,Jane
Faith,Ingrid,Ingrid
Beatrice,Gloria,Beatrice
Helen,Ingrid,Helen
Eva,Beatrice,Eva
Eva,Candice,Eva
Diana,Alice,Alice
Ingrid,Candice,Candice
Gloria,Jane,Jane
Alice,Helen,Helen
Gloria,Jane,Jane
Jane,Eva,Eva
Gloria,Beatrice,Beatrice
Diana,Faith,Faith
Ingrid,Diana,Ingrid
Gloria,Diana,Diana
Diana,Alice,Diana
Helen,Ingrid,Helen
Alice,Gloria,Alice
Faith,Helen,Helen
Helen,Gloria,Helen
Diana,Ingrid,Ingrid
Gloria,Alice,Gloria
Ingrid,Beatrice,Beatrice
Alice,Jane,Jane
Eva,Beatrice,Eva
Candice,Alice,Candice
Jane,Diana,Jane
Helen,Diana,Helen
Ingrid,Helen,Ingrid
Faith,Ingrid,Ingrid
Eva,Diana,Eva
Diana,Helen,Helen
Jane,Diana,Jane
Eva,Diana,Eva
Eva,Beatrice,Eva
Beatrice,Alice,Beatrice
Alice,Candice,Candice
Gloria,Jane,Jane
Diana,Eva,Eva
Alice,Helen,Helen
Helen,Ingrid,Helen
Gloria,Diana,Diana
Faith,Jane,Jane
Gloria,Alice,Gloria
Helen,Faith,Helen
Gloria,Diana,Diana
Gloria,Helen,Helen
Helen,Alice,Helen
Jane,Ingrid,Jane
Diana,Faith,Diana
Helen,Eva,Eva
Gloria,Beatrice,Beatrice
Helen,Candice,Helen
Alice,Eva,Alice
Beatrice,Gloria,Gloria
Ingrid,Beatrice,Beatrice
Gloria,Faith,Faith
Beatrice,Candice,Beatrice
Faith,Jane,Jane
Faith,Eva,Eva
Eva,Jane,Eva
Faith,Ingrid,Faith
Jane,Helen,Jane
Alice,Jane,Jane
Helen,Jane,Helen
Jane,Faith,Jane
Alice,Beatrice,Alice
Beatrice,Ingrid,Ingrid
Candice,Faith,Faith
Faith,Ingrid,Ingrid
Diana,Beatrice,Beatrice
Eva,Ingrid,Eva
Faith,Diana,Faith
Diana,Ingrid,Diana
Candice,Faith,Candice
Alice,Helen,Helen
Eva,Faith,Eva
Gloria,Jane,Jane
Eva,Ingrid,Ingrid
Eva,Jane,Eva
Diana,Eva,Eva
Eva,Beatrice,Beatrice
Helen,Eva,Helen
Candice,Diana,Candice
Helen,Alice,Helen
Faith,Helen,Helen
Diana,Beatrice,Beatrice
Diana,Faith,Diana
Diana,Eva,Eva
Helen,Alice,Helen
Faith,Diana,Faith
Candice,Alice,Candice
Eva,Candice,Eva
Eva,Alice,Eva
Ingrid,Helen,Helen
Gloria,Faith,Gloria
Beatrice,Helen,Beatrice
Jane,Eva,Eva
Alice,Eva,Eva
Faith,Helen,Helen
Ingrid,Beatrice,Beatrice
Ingrid,Alice,Ingrid
Faith,Ingrid,Faith
Alice,Jane,Jane
Faith,Eva,Eva
Eva,Diana,Eva
Faith,Diana,Diana
Beatrice,Eva,Eva
Eva,Candice,Eva
Beatrice,Eva,Eva
Diana,Helen,Helen
Ingrid,Helen,Helen
Jane,Beatrice,Beatrice
Candice,Helen,Helen
Eva,Faith,Eva
Eva,Diana,Eva
Alice,Eva,Eva
Jane,Helen,Helen
Faith,Eva,Eva
Faith,Helen,Helen
Candice,Jane,Jane
Jane,Eva,Eva
Alice,Helen,Helen
Ingrid,Jane,Jane
Jane,Alice,Jane
Ingrid,Jane,Jane
Gloria,Jane,Jane
Eva,Jane,Eva
Candice,Helen,Helen
Gloria,Diana,Gloria
Alice,Candice,Candice
Gloria,Beatrice,Gloria
Candice,Alice,Candice
Jane,Gloria,Jane
Candice,Helen,Candice
Diana,Eva,Eva
Eva,Beatrice,Eva
Eva,Alice,Eva
Alice,Helen,Helen
Candice,Helen,Helen
Eva,Beatrice,Beatrice
Alice,Beatrice,Beatrice
Diana,Alice,Diana
Beatrice,Jane,Beatrice
Ingrid,Jane,Jane
Ingrid,Diana,Ingrid
Gloria,Jane,Jane
Diana,Helen,Helen
Eva,Diana,Eva
Beatrice,Eva,Eva
Candice,Helen,Helen
Helen,Beatrice,Helen
Candice,Diana,Candice
Beatrice,Gloria,Beatrice
Jane,Ingrid,Jane
Helen,Ingrid,Helen
Candice,Beatrice,Beatrice
Alice,Helen,Helen
Helen,Beatrice,Helen
Faith,Diana,Diana
Eva,Beatrice,Eva
Beatrice,Eva,Eva
Diana,Candice,Candice
Jane,Candice,Jane
Ingrid,Faith,Ingrid
Candice,Diana,Candice
Eva,Helen,Eva
Alice,Gloria,Gloria
Beatrice,Candice,Beatrice
Beatrice,Diana,Beatrice
Beatrice,Helen,Helen
Beatrice,Eva,Beatrice
Gloria,Beatrice,Beatrice
Alice,Helen,Alice
Diana,Helen,Helen
Beatrice,Gloria,Beatrice
Gloria,Faith,Gloria
Gloria,Helen,Helen
Candice,Beatrice,Beatrice
Diana,Candice,Candice
Jane,Candice,Jane
Beatrice,Gloria,Beatrice
Jane,Ingrid,Jane
Ingrid,Eva,Eva
Faith,Jane,Jane
Eva,Alice,Eva
Jane,Faith,Jane
Beatrice,Helen,Beatrice
Jane,Faith,Jane
Eva,Jane,Eva
Alice,Diana,Alice
Alice,Ingrid,Alice
Jane,Ingrid,Jane
Alice,Gloria,Gloria
Diana,Helen,Helen
Alice,Helen,Helen
Candice,Eva,Eva
Diana,Gloria,Diana
Diana,Candice,Candice
Eva,Alice,Eva
Candice,Gloria,Candice
Diana,Candice,Diana
Ingrid,Helen,Helen
Eva,Alice,Eva
Beatrice,Eva,Beatrice
Helen,Jane,Helen
Diana,Eva,Eva
Helen,Faith,Helen
Faith,Candice,Candice
Candice,Ingrid,Candice
Alice,Beatrice,Beatrice
Candice,Eva,Eva
Ingrid,Helen,Helen
Beatrice,Gloria,Beatrice
Beatrice,Ingrid,Beatrice
Eva,Ingrid,Eva
Gloria,Eva,Gloria
Eva,Jane,Eva
Candice,Alice,Candice
Gloria,Candice,Candice
Candice,Diana,Candice
Beatrice,Eva,Beatrice
Candice,Faith,Candice
Faith,Jane,Jane
Helen,Beatrice,Helen
Jane,Eva,Eva
Gloria,Candice,Candice
Alice,Gloria,Gloria
Jane,Eva,Eva
Eva,Ingrid,Eva
Beatrice,Eva,Beatrice
Jane,Faith,Jane
Jane,Eva,Jane
Diana,Gloria,Diana
Helen,Diana,Helen
Jane,Gloria,Jane
Ingrid,Helen,Helen
Alice,Candice,Alice
Diana,Helen,Helen
Ingrid,Jane,Jane
Gloria,Faith,Faith
Jane,Diana,Jane
Jane,Eva,Jane
Eva,Beatrice,Eva
Alice,Diana,Alice
Diana,Ingrid,Ingrid
Diana,Gloria,Gloria
Ingrid,Helen,Helen
Candice,Alice,Alice
Jane,Gloria,Jane
Beatrice,Eva,Eva
Alice,Beatrice,Beatrice
Faith,Jane,Jane
Gloria,Eva,Eva
Diana,Alice,Alice
Faith,Beatrice,Beatrice
Candice,Gloria,Candice
Beatrice,Helen,Helen
Jane,Beatrice,Jane
Faith,Helen,Helen
Alice,Jane,Jane
Faith,Gloria,Gloria
Jane,Eva,Eva
Candice,Alice,Alice
Faith,Eva,Eva
Faith,Helen,Helen
Ingrid,Diana,Ingrid
Jane,Ingrid,Jane
Jane,Candice,Jane
Alice,Gloria,Alice
Helen,Jane,Jane
Jane,Faith,Jane
Eva,Jane,Jane
Beatrice,Alice,Beatrice
Candice,Faith,Candice
Gloria,Alice,Alice
Eva,Candice,Eva
Jane,Eva,Jane
Diana,Faith,Faith
Beatrice,Diana,Beatrice
Alice,Eva,Eva
Jane,Faith,Jane
Eva,Helen,Helen
Beatrice,Gloria,Beatrice
Candice,Jane,Jane
Eva,Faith,Eva
Helen,Diana,Helen
Jane,Faith,Jane
Faith,Candice,Candice
Helen,Diana,Helen
Candice,Gloria,Gloria
Helen,Gloria,Helen
Candice,Diana,Candice
Alice,Diana,Diana
Ingrid,Faith,Ingrid
Eva,Candice,Eva
Faith,Candice,Candice
Helen,Alice,Helen
Eva,Beatrice,Eva
Helen,Beatrice,Beatrice
Eva,Beatrice,Beatrice
Diana,Ingrid,Ingrid
Candice,Helen,Helen
Eva,Diana,Eva
Candice,Faith,Candice
Alice,Jane,Jane
Ingrid,Jane,Jane
Candice,Helen,Helen
Diana,Candice,Candice
Diana,Beatrice,Diana
Helen,Eva,Eva
Helen,Ingrid,Helen
Beatrice,Helen,Helen
Jane,Eva,Eva
Diana,Faith,Diana
Jane,Faith,Jane
Candice,Jane,Jane
Diana,Candice,Candice
Helen,Beatrice,Beatrice
Ingrid,Eva,Eva
Beatrice,Alice,Beatrice
Beatrice,Eva,Eva
Diana,Jane,Jane
Jane,Helen,Jane
Beatrice,Gloria,Beatrice
Alice,Diana,Alice
Gloria,Candice,Candice
Candice,Ingrid,Ingrid
Diana,Jane,Jane
Faith,Alice,Alice
Helen,Alice,Helen
Faith,Eva,Eva
Jane,Gloria,Jane
Faith,Ingrid,Ingrid
Eva,Helen,Eva
Faith,Ingrid,Ingrid
Jane,Eva,Eva
Eva,Helen,Helen
Alice,Candice,Candice
Ingrid,Candice,Ingrid
Faith,Beatrice,Beatrice
Candice,Beatrice,Beatrice
Candice,Eva,Eva
Gloria,Helen,Helen
Gloria,Eva,Eva
Alice,Candice,Candice
Eva,Beatrice,Beatrice
Faith,Beatrice,Beatrice
Faith,Eva,Faith
Candice,Ingrid,Ingrid
Gloria,Eva,Eva
Alice,Helen,Helen
Eva,Helen,Eva
Eva,Helen,Eva
Beatrice,Faith,Beatrice
Faith,Beatrice,Beatrice
Alice,Jane,Jane
Helen,Alice,Alice
Ingrid,Beatrice,Ingrid
Eva,Ingrid,Ingrid
Alice,Jane,Jane
Eva,Gloria,Eva
Jane,Diana,Jane
Beatrice,Gloria,Beatrice
Candice,Faith,Candice
Ingrid,Jane,Jane
Ingrid,Faith,Ingrid
Faith,Diana,Diana
Candice,Alice,Alice
Helen,Alice,Helen
Jane,Ingrid,Jane
Ingrid,Alice,Ingrid
Helen,Ingrid,Helen
Faith,Gloria,Gloria
Alice,Candice,Candice
Faith,Helen,Helen
Gloria,Beatrice,Beatrice
Alice,Gloria,Gloria
Diana,Helen,Helen
Jane,Diana,Jane
Jane,Alice,Jane
Helen,Jane,Jane
Ingrid,Alice,Alice
Diana,Helen,Helen
Eva,Alice,Eva
Gloria,Helen,Helen
Alice,Gloria,Gloria
Gloria,Faith,Gloria
Beatrice,Diana,Beatrice
Ingrid,Eva,Eva
Gloria,Jane,Jane
Faith,Beatrice,Beatrice
Helen,Jane,Helen
Candice,Diana,Candice
Candice,Ingrid,Ingrid
Candice,Beatrice,Candice
Helen,Eva,Eva
Eva,Beatrice,Beatrice
Eva,Faith,Eva
Faith,Ingrid,Ingrid
Diana,Faith,Diana
Diana,Beatrice,Beatrice
Faith,Candice,Faith
Candice,Eva,Eva
Jane,Faith,Jane
Alice,Beatrice,Alice
Diana,Jane,Jane
Beatrice,Faith,Beatrice
Candice,Jane,Jane
Eva,Helen,Eva
Alice,Beatrice,Beatrice
Beatrice,Ingrid,Beatrice
Beatrice,Gloria,Beatrice
Gloria,Candice,Candice
Gloria,Beatrice,Beatrice
Ingrid,Candice,Candice
Eva,Candice,Eva
Jane,Beatrice,Beatrice
Diana,Helen,Helen
Eva,Jane,Eva
Eva,Diana,Eva
Candice,Gloria,Candice
Beatrice,Gloria,Beatrice
Jane,Helen,Jane
Alice,Faith,Alice
Ingrid,Diana,Ingrid
Beatrice,Faith,Beatrice
Eva,Gloria,Eva
Faith,Diana,Diana
Candice,Eva,Candice
Ingrid,Diana,Ingrid
Gloria,Helen,Helen
Jane,Helen,Jane
Eva,Faith,Eva
Gloria,Alice,Alice
Ingrid,Eva,Ingrid
Candice,Eva,Eva
Beatrice,Helen,Helen
Alice,Faith,Alice
Ingrid,Beatrice,Beatrice
Faith,Alice,Alice
Eva,Gloria,Eva
Beatrice,Diana,Beatrice
Jane,Ingrid,Jane
Alice,Beatrice,Beatrice
Ingrid,Diana,Ingrid
Alice,Gloria,Gloria
Diana,Ingrid,Ingrid
Alice,Jane,Jane
Ingrid,Candice,Candice
Ingrid,Beatrice,Beatrice
Beatrice,Candice,Beatrice
Gloria,Candice,Candice
Diana,Candice,Candice
Eva,Faith,Eva
Gloria,Jane,Jane
Faith,Alice,Faith
Jane,Faith,Jane
Candice,Jane,Jane
Alice,Diana,Alice
Alice,Helen,Helen
Gloria,Helen,Helen
Eva,Beatrice,Beatrice
Diana,Jane,Jane
Beatrice,Alice,Beatrice
Candice,Alice,Candice
Helen,Diana,Diana
Jane,Ingrid,Jane
Faith,Alice,Alice
Faith,Ingrid,Ingrid
Diana,Candice,Candice
Jane,Eva,Eva
Eva,Jane,Jane
Eva,Diana,Eva
Diana,Jane,Jane
Helen,Gloria,Helen
Helen,Ingrid,Helen
Eva,Diana,Eva
Candice,Faith,Candice
Candice,Helen,Helen
Gloria,Faith,Faith
Gloria,Jane,Jane
Eva,Alice,Eva
Beatrice,Jane,Jane
Alice,Candice,Candice
Faith,Eva,Eva
Eva,Ingrid,Eva
Alice,Diana,Diana
Jane,Faith,Faith
Candice,Beatrice,Candice
Alice,Gloria,Gloria
Alice,Jane,Jane
Alice,Eva,Eva
Helen,Beatrice,Beatrice
Helen,Gloria,Helen
Candice,Eva,Eva
Faith,Alice,Alice
Gloria,Jane,Jane
Candice,Eva,Eva
Diana,Alice,Alice
Helen,Candice,Helen
Diana,Jane,Jane
Gloria,Diana,Diana
Beatrice,Ingrid,Beatrice
Beatrice,Jane,Jane
Beatrice,Gloria,Beatrice
Faith,Jane,Jane
Alice,Diana,Alice
Candice,Ingrid,Candice
Faith,Candice,Candice
Gloria,Alice,Alice
Gloria,Alice,Alice
Jane,Beatrice,Jane
Diana,Jane,Jane
Alice,Diana,Diana
Eva,Diana,Eva
Jane,Helen,Jane
Jane,Alice,Jane
Candice,Beatrice,Candice
Faith,Eva,Eva
Diana,Jane,Jane
Diana,Helen,Helen
Gloria,Faith,Gloria
Gloria,Faith,Gloria
Gloria,Candice,Candice
Jane,Diana,Jane
Diana,Candice,Candice
Gloria,Beatrice,Beatrice
Jane,Gloria,Jane
Diana,Jane,Jane
Diana,Ingrid,Ingrid
Diana,Eva,Eva
Faith,Beatrice,Faith
Ingrid,Diana,Ingrid
Ingrid,Helen,Helen
Ingrid,Alice,Ingrid
Gloria,Eva,Eva
Ingrid,Jane,Jane
Alice,Ingrid,Ingrid
Alice,Eva,Alice
Candice,Alice,Candice
Diana,Eva,Eva
Alice,Beatrice,Beatrice
Helen,Diana,Helen
Gloria,Candice,Gloria
Helen,Jane,Helen
Ingrid,Helen,Helen
Jane,Faith,Jane
Diana,Alice,Diana
Gloria,Diana,Gloria
Ingrid,Faith,Ingrid
Beatrice,Eva,Beatrice
Diana,Helen,Helen
Alice,Helen,Helen
Diana,Alice,Alice
Faith,Beatrice,Beatrice
Ingrid,Beatrice,Beatrice
Diana,Faith,Diana
Gloria,Beatrice,Beatrice
Helen,Alice,Alice
Candice,Jane,Jane
Alice,Diana,Alice
Candice,Jane,Jane
Faith,Beatrice,Beatrice
Diana,Ingrid,Ingrid
Jane,Beatrice,Jane
Alice,Eva,Eva
Faith,Candice,Candice
Gloria,Diana,Diana
Eva,Faith,Eva
Jane,Candice,Jane
Gloria,Alice,Alice
Alice,Eva,Eva
Gloria,Diana,Gloria
Gloria,Faith,Faith
Ingrid,Faith,Ingrid
Ingrid,Faith,Ingrid
Alice,Helen,Helen
Gloria,Jane,Jane
Eva,Jane,Jane
Helen,Faith,Helen
Alice,Diana,Alice
Jane,Diana,Jane
Candice,Jane,Jane
Faith,Helen,Helen
Jane,Diana,Jane
Jane,Faith,Jane
Ingrid,Candice,Candice
Helen,Diana,Helen
Faith,Jane,Jane
Ingrid,Eva,Eva
Helen,Ingrid,Helen
Ingrid,Candice,Candice
Alice,Gloria,Alice
Gloria,Diana,Diana
Diana,Faith,Faith
Helen,Ingrid,Helen
Eva,Faith,Eva
Eva,Ingrid,Eva
Candice,Jane,Candice
Beatrice,Diana,Beatrice
Alice,Beatrice,Beatrice
Alice,Helen,Helen
Ingrid,Jane,Ingrid
Beatrice,Candice,Beatrice
Gloria,Candice,Candice
Beatrice,Jane,Beatrice
Faith,Jane,Jane
Jane,Ingrid,Jane
Candice,Eva,Eva
Candice,Gloria,Candice
Ingrid,Diana,Ingrid
Eva,Jane,Jane
Alice,Jane,Jane
Gloria,Candice,Candice
Eva,Jane,Eva
Ingrid,Jane,Jane
Faith,Gloria,Faith
Beatrice,Eva,Beatrice
Diana,Jane,Jane
Alice,Helen,Helen
Candice,Ingrid,Candice
Alice,Candice,Candice
Jane,Helen,Jane
Ingrid,Faith,Faith
Alice,Helen,Helen
Faith,Candice,Candice
Candice,Gloria,Candice
Alice,Jane,Jane
Alice,Eva,Eva
Alice,Beatrice,Alice
Alice,Beatrice,Beatrice
Jane,Eva,Eva
Candice,Faith,Candice
Eva,Alice,Eva
Ingrid,Beatrice,Beatrice
Gloria,Alice,Gloria
Faith,Alice,Alice
Ingrid,Alice,Alice
Beatrice,Alice,Beatrice
Diana,Beatrice,Beatrice
Candice,Gloria,Candice
Jane,Diana,Jane
Jane,Gloria,Jane
Alice,Ingrid,Alice
Gloria,Helen,Gloria
Helen,Jane,Jane
Diana,Faith,Diana
Beatrice,Helen,Helen
Faith,Gloria,Faith
Candice,Faith,Candice
Eva,Beatrice,Eva
Helen,Faith,Helen
Gloria,Beatrice,Beatrice
Alice,Candice,Candice
Jane,Diana,Jane
Helen,Beatrice,Beatrice
Candice,Eva,Eva
Beatrice,Jane,Jane
Jane,Faith,Jane
Jane,Ingrid,Jane
Eva,Alice,Eva
Gloria,Helen,Helen
Diana,Eva,Eva
Diana,Faith,Diana
Alice,Diana,Alice
Jane,Eva,Eva
Faith,Eva,Eva
Candice,Diana,Diana
Beatrice,Faith,Beatrice
Faith,Eva,Eva
Alice,Jane,Jane
Candice,Alice,Candice
Jane,Gloria,Jane
Ingrid,Helen,Helen
Jane,Diana,Jane
Candice,Diana,Diana
Ingrid,Eva,Eva
Helen,Candice,Helen
Helen,Ingrid,Helen
Helen,Ingrid,Helen
Faith,Ingrid,Faith
Ingrid,Beatrice,Beatrice
Eva,Jane,Jane
Faith,Helen,Helen
Helen,Ingrid,Helen
Diana,Ingrid,Diana
Candice,Alice,Candice
Helen,Candice,Helen
Helen,Eva,Helen
Alice,Eva,Eva
Eva,Helen,Eva
Alice,Eva,Eva
Diana,Candice,Candice
Gloria,Helen,Helen
Faith,Diana,Faith
Alice,Helen,Helen
Eva,Ingrid,Ingrid
Jane,Eva,Eva
Gloria,Helen,Helen
Candice,Gloria,Candice
Eva,Faith,Eva
Jane,Diana,Jane
Jane,Eva,Jane
Faith,Candice,Candice
Jane,Faith,Jane
Gloria,Beatrice,Beatrice
Jane,Diana,Jane
Eva,Beatrice,Eva
Diana,Eva,Eva
Diana,Gloria,Diana
Gloria,Eva,Eva
Faith,Jane,Jane
Faith,Helen,Helen
Ingrid,Eva,Eva
Gloria,Eva,Eva
Ingrid,Diana,Ingrid
Faith,Helen,Helen
Helen,Diana,Helen
Diana,Ingrid,Ingrid
Gloria,Helen,Helen
Gloria,Diana,Diana
Ingrid,Eva,Eva
Jane,Faith,Jane
Helen,Candice,Helen
Faith,Candice,Candice
Faith,Jane,Jane
Candice,Gloria,Candice
Alice,Candice,Candice
Diana,Eva,Eva
Helen,Candice,Helen
Helen,Diana,Helen
Faith,Alice,Faith
Faith,Alice,Faith
Ingrid,Alice,Alice
Gloria,Candice,Candice
Beatrice,Helen,Beatrice
Beatrice,Ingrid,Beatrice
Diana,Faith,Faith
Candice,Jane,Jane
Candice,Ingrid,Candice
Eva,Candice,Eva
Gloria,Diana,Diana
Beatrice,Gloria,Beatrice
Beatrice,Eva,Beatrice
Gloria,Diana,Gloria
Faith,Ingrid,Ingrid
Alice,Beatrice,Beatrice
Gloria,Eva,Eva
Ingrid,Jane,Ingrid
Diana,Eva,Eva
Diana,Eva,Eva
Gloria,Jane,Jane
Candice,Gloria,Gloria
Beatrice,Eva,Beatrice
Candice,Diana,Candice
Alice,Diana,Alice
Alice,Candice,Candice
Gloria,Faith,Gloria
Diana,Eva,Eva
Beatrice,Eva,Eva
Faith,Beatrice,Faith
Diana,Alice,Alice
Helen,Ingrid,Helen
Ingrid,Candice,Candice
Gloria,Candice,Candice
Jane,Diana,Jane
Jane,Diana,Jane
Diana,Helen,Helen
Helen,Faith,Helen
Ingrid,Diana,Ingrid
Faith,Gloria,Faith
Ingrid,Faith,Ingrid
Faith,Ingrid,Faith
Alice,Faith,Alice
Helen,Diana,Helen
Alice,Candice,Candice
Candice,Ingrid,Candice
Candice,Diana,Candice
Ingrid,Helen,Helen
Eva,Alice,Eva
Alice,Gloria,Gloria
Diana,Gloria,Gloria
Diana,Gloria,Gloria
Eva,Candice,Eva
Gloria,Faith,Gloria
Helen,Alice,Helen
Eva,Helen,Helen
Beatrice,Eva,Eva
Candice,Ingrid,Candice
Ingrid,Jane,Jane
Faith,Jane,Jane
Faith,Helen,Helen
Eva,Faith,Eva
Jane,Diana,Jane
Diana,Jane,Jane
Eva,Diana,Eva
Faith,Ingrid,Ingrid
Gloria,Faith,Gloria
Beatrice,Gloria,Beatrice
Faith,Candice,Candice
Diana,Alice,Alice
Diana,Jane,Jane
Diana,Gloria,Gloria
Gloria,Jane,Jane
Ingrid,Faith,Ingrid
Eva,Ingrid,Eva
Helen,Alice,Helen
Helen,Diana,Helen
Candice,Gloria,Gloria
Gloria,Alice,Gloria
Beatrice,Ingrid,Beatrice
Ingrid,Diana,Ingrid
Faith,Ingrid,Ingrid
Ingrid,Beatrice,Beatrice
Beatrice,Eva,Eva
Jane,Helen,Helen
Helen,Alice,Helen
Helen,Candice,Candice
Beatrice,Helen,Helen
Jane,Gloria,Jane
Jane,Eva,Eva
Ingrid,Diana,Ingrid
Helen,Eva,Eva
Faith,Helen,Helen
Eva,Beatrice,Eva
Helen,Candice,Helen
Jane,Diana,Jane
Diana,Helen,Helen
Ingrid,Alice,Ingrid
Helen,Gloria,Helen
Gloria,Diana,Gloria
Diana,Helen,Helen
Beatrice,Helen,Beatrice
Gloria,Candice,Candice
Faith,Diana,Diana
Jane,Diana,Jane
Alice,Eva,Eva
Faith,Eva,Eva
Jane,Beatrice,Beatrice
Ingrid,Diana,Diana
Ingrid,Helen,Helen
Eva,Helen,Eva
Helen,Ingrid,Helen
Beatrice,Helen,Beatrice
Alice,Faith,Alice
Alice,Helen,Helen
Diana,Helen,Helen
Eva,Diana,Eva
Candice,Eva,Eva
Beatrice,Alice,Beatrice
Beatrice,Diana,Beatrice
Alice,Helen,Helen
Helen,Ingrid,Helen
Alice,Diana,Diana
Candice,Helen,Helen
Eva,Gloria,Eva
Jane,Beatrice,Jane
Candice,Ingrid,Ingrid
Diana,Alice,Diana
Eva,Jane,Eva
Ingrid,Jane,Jane
Alice,Faith,Alice
Alice,Jane,Alice
Beatrice,Alice,Beatrice
Ingrid,Alice,Alice
Eva,Jane,Eva
Candice,Alice,Alice
Candice,Helen,Candice
Faith,Helen,Helen
Faith,Gloria,Faith
Alice,Beatrice,Beatrice
Diana,Gloria,Gloria
Eva,Beatrice,Eva
Gloria,Faith,Gloria
Helen,Jane,Jane
Helen,Beatrice,Helen
Faith,Candice,Candice
Beatrice,Candice,Beatrice
Gloria,Faith,Faith
Beatrice,Helen,Beatrice
Alice,Helen,Helen
Jane,Candice,Candice
Jane,Helen,Helen
Jane,Faith,Jane
Gloria,Helen,Helen
Candice,Helen,Helen
Helen,Eva,Eva
Faith,Diana,Diana
Jane,Faith,Jane
Eva,Beatrice,Eva
Faith,Gloria,Gloria
Gloria,Helen,Helen
Ingrid,Faith,Faith
Faith,Helen,Helen
Beatrice,Ingrid,Beatrice
Jane,Gloria,Jane
Gloria,Faith,Gloria
Ingrid,Helen,Helen
Faith,Jane,Jane
Faith,Jane,Jane
Faith,Diana,Faith
Jane,Eva,Jane
Helen,Beatrice,Helen
Faith,Eva,Eva
Alice,Faith,Alice
Faith,Alice,Faith
Faith,Beatrice,Beatrice
Alice,Faith,Faith
Diana,Beatrice,Diana
Faith,Ingrid,Ingrid
Diana,Helen,Helen
Faith,Gloria,Gloria
Candice,Eva,Eva
Diana,Faith,Diana
Candice,Gloria,Gloria
Helen,Jane,Jane
Alice,Diana,Diana
Ingrid,Jane,Jane
Candice,Ingrid,Candice
Alice,Faith,Alice
Jane,Helen,Jane
Helen,Diana,Helen
Ingrid,Helen,Helen
Gloria,Diana,Gloria
Candice,Diana,Diana
Diana,Alice,Diana
Jane,Alice,Jane
Diana,Alice,Alice
Faith,Gloria,Gloria
Eva,Alice,Eva
Ingrid,Beatrice,Beatrice
Candice,Diana,Candice
Candice,Ingrid,Candice
Gloria,Beatrice,Beatrice
Beatrice,Alice,Beatrice
Helen,Alice,Alice
Ingrid,Helen,Helen
Candice,Eva,Eva
Diana,Candice,Diana
Alice,Helen,Helen
Jane,Diana,Jane
Eva,Faith,Eva
Gloria,Eva,Eva
Alice,Helen,Alice
Helen,Candice,Helen
Eva,Helen,Eva
Alice,Ingrid,Alice
Faith,Helen,Helen
Jane,Diana,Jane
Faith,Diana,Diana
Alice,Candice,Candice
Eva,Beatrice,Eva
Jane,Alice,Alice
Faith,Helen,Helen
Diana,Gloria,Diana
Faith,Diana,Faith
Ingrid,Eva,Ingrid
Candice,Faith,Candice
Jane,Gloria,Jane
Eva,Diana,Eva
Jane,Candice,Jane
Helen,Gloria,Helen
Candice,Eva,Eva
Beatrice,Alice,Beatrice
Eva,Candice,Eva
Faith,Gloria,Faith
Diana,Eva,Eva
Faith,Jane,Jane
Faith,Beatrice,Beatrice
Diana,Beatrice,Beatrice
Diana,Alice,Diana
Alice,Gloria,Gloria
Gloria,Faith,Faith
Beatrice,Candice,Beatrice
Diana,Gloria,Gloria
Diana,Candice,Diana
Helen,Ingrid,Helen
Eva,Jane,Eva
Alice,Helen,Helen
Alice,Gloria,Alice
Helen,Diana,Helen
Faith,Diana,Diana
Beatrice,Faith,Beatrice
Eva,Diana,Eva
Jane,Eva,Jane
Alice,Gloria,Alice
Faith,Gloria,Gloria
Candice,Ingrid,Candice
Faith,Eva,Eva
Beatrice,Gloria,Beatrice
Candice,Jane,Candice
Eva,Ingrid,Ingrid
Faith,Eva,Faith
Beatrice,Helen,Beatrice
Candice,Alice,Alice
Ingrid,Eva,Ingrid
Candice,Ingrid,Ingrid
Alice,Faith,Alice
Helen,Faith,Helen
Faith,Jane,Jane
Alice,Candice,Candice
Diana,Jane,Jane
Jane,Helen,Helen
Faith,Beatrice,Beatrice
Eva,Alice,Eva
Alice,Diana,Alice
Diana,Gloria,Diana
Faith,Beatrice,Beatrice
Jane,Diana,Jane
Candice,Beatrice,Candice
Helen,Candice,Helen
Faith,Beatrice,Beatrice
Faith,Ingrid,Ingrid
Helen,Gloria,Helen
Beatrice,Alice,Beatrice
Ingrid,Jane,Jane
Diana,Alice,Diana
Gloria,Jane,Jane
Beatrice,Alice,Beatrice
Candice,Beatrice,Beatrice
Diana,Beatrice,Beatrice
Faith,Alice,Alice
Faith,Helen,Helen
Helen,Diana,Helen
Alice,Faith,Faith
Helen,Faith,Faith
Jane,Helen,Helen
Beatrice,Gloria,Beatrice
Eva,Jane,Jane
Faith,Gloria,Gloria
Beatrice,Gloria,Beatrice
Eva,Faith,Eva
Diana,Faith,Diana
Diana,Candice,Candice
Beatrice,Candice,Beatrice
Helen,Candice,Helen
Eva,Diana,Eva
Diana,Beatrice,Beatrice
Helen,Candice,Helen
Diana,Jane,Jane
Beatrice,Faith,Beatrice
Jane,Ingrid,Jane
Eva,Faith,Eva
Diana,Eva,Eva
Ingrid,Candice,Ingrid
Alice,Jane,Jane
Faith,Jane,Jane
Alice,Diana,Alice
Alice,Faith,Alice
Eva,Faith,Eva
Beatrice,Diana,Beatrice
Jane,Alice,Jane
Beatrice,Helen,Beatrice
Beatrice,Jane,Beatrice
Candice,Ingrid,Candice
Ingrid,Diana,Ingrid
Eva,Alice,Eva
Alice,Candice,Alice
Diana,Beatrice,Diana
Helen,Ingrid,Helen
Faith,Beatrice,Beatrice
Helen,Gloria,Helen
Diana,Gloria,Diana
Helen,Faith,Helen
Faith,Alice,Faith
Alice,Candice,Candice
Alice,Ingrid,Alice
Candice,Faith,Candice
Helen,Diana,Helen
Faith,Gloria,Faith
Candice,Ingrid,Ingrid
Eva,Jane,Eva
Faith,Alice,Alice
Candice,Ingrid,Ingrid
Diana,Jane,Jane
Eva,Candice,Eva
Candice,Alice,Candice
Helen,Beatrice,Beatrice
Helen,Jane,Helen
Diana,Beatrice,Beatrice
Jane,Candice,Jane
Diana,Faith,Faith
Diana,Beatrice,Beatrice
Alice,Candice,Candice
Faith,Ingrid,Ingrid
Gloria,Faith,Faith
Eva,Alice,Eva
Gloria,Jane,Jane
Alice,Diana,Diana
Candice,Diana,Candice
Eva,Helen,Eva
Beatrice,Eva,Eva
Beatrice,Eva,Eva
Alice,Beatrice,Beatrice
Ingrid,Beatrice,Beatrice
Alice,Diana,Diana
Candice,Eva,Eva
Eva,Diana,Eva
Eva,Diana,Eva
Beatrice,Gloria,Beatrice
Helen,Faith,Helen
Faith,Beatrice,Beatrice
Ingrid,Helen,Helen
Alice,Jane,Jane
Jane,Candice,Jane
Ingrid,Diana,Diana
Ingrid,Eva,Eva
Helen,Jane,Jane
Helen,Gloria,Helen
Helen,Alice,Helen
Faith,Candice,Candice
Beatrice,Helen,Beatrice
Helen,Jane,Jane
Beatrice,Eva,Eva
Eva,Beatrice,Eva
Beatrice,Helen,Helen
Candice,Jane,Jane
Eva,Candice,Eva
Ingrid,Beatrice,Beatrice
Gloria,Jane,Jane
Alice,Helen,Helen
Helen,Alice,Helen
Jane,Gloria,Jane
Jane,Helen,Helen
Alice,Jane,Jane
Candice,Ingrid,Ingrid
Gloria,Alice,Alice
Jane,Eva,Eva
Diana,Faith,Diana
Eva,Beatrice,Eva
Diana,Alice,Diana
Helen,Ingrid,Helen
Helen,Candice,Candice
Candice,Diana,Candice
Candice,Faith,Candice
Eva,Faith,Eva
Diana,Gloria,Gloria
Diana,Gloria,Gloria
Candice,Ingrid,Candice
Eva,Helen,Eva
Jane,Eva,Jane
Alice,Ingrid,Alice
Beatrice,Faith,Beatrice
Diana,Ingrid,Diana
Eva,Gloria,Eva
Jane,Helen,Jane
Eva,Gloria,Eva
Diana,Helen,Helen
Faith,Gloria,Faith
Helen,Beatrice,Helen
Alice,Beatrice,Beatrice
Jane,Faith,Jane
Jane,Faith,Jane
Ingrid,Diana,Ingrid
Beatrice,Eva,Eva
Helen,Eva,Eva
Faith,Alice,Alice
Faith,Jane,Jane
Ingrid,Candice,Ingrid
Faith,Eva,Eva
Gloria,Diana,Gloria
Eva,Helen,Eva
Helen,Diana,Helen
Alice,Candice,Candice
Faith,Eva,Eva
Faith,Eva,Eva
Candice,Alice,Candice
Alice,Beatrice,Beatrice
Candice,Alice,Candice
Candice,Faith,Candice
Helen,Candice,Helen
Helen,Ingrid,Helen
Candice,Beatrice,Beatrice
Candice,Beatrice,Beatrice
Beatrice,Diana,Beatrice
Gloria,Alice,Gloria
Diana,Faith,Faith
Beatrice,Diana,Beatrice
Alice,Helen,Helen
Eva,Beatrice,Eva
Ingrid,Helen,Ingrid
Faith,Gloria,Faith
Candice,Diana,Candice
Ingrid,Faith,Ingrid
Beatrice,Helen,Beatrice
Faith,Beatrice,Beatrice
Candice,Helen,Helen
Alice,Gloria,Gloria
Eva,Helen,Helen
Jane,Beatrice,Beatrice
Alice,Beatrice,Beatrice
Eva,Faith,Eva
Gloria,Eva,Eva
Faith,Candice,Candice
Ingrid,Faith,Ingrid
Jane,Eva,Eva
Candice,Diana,Candice
Gloria,Faith,Faith
Beatrice,Diana,Diana
Diana,Jane,Jane
Candice,Gloria,Gloria
Gloria,Diana,Diana
Faith,Gloria,Gloria
Eva,Alice,Eva
Jane,Gloria,Jane
Eva,Jane,Eva
Eva,Candice,Eva
Beatrice,Faith,Beatrice
Jane,Candice,Candice
Gloria,Candice,Candice
Jane,Alice,Jane
Diana,Alice,Alice
Diana,Alice,Alice
Candice,Eva,Eva
Ingrid,Beatrice,Beatrice
Eva,Ingrid,Eva
Beatrice,Helen,Beatrice
Beatrice,Jane,Jane
Faith,Jane,Jane
Candice,Diana,Candice
Eva,Diana,Eva
Faith,Candice,Candice
Gloria,Alice,Gloria
Alice,Candice,Candice
Diana,Ingrid,Ingrid
Ingrid,Beatrice,Beatrice
Candice,Eva,Eva
Faith,Eva,Eva
Beatrice,Eva,Eva
Faith,Ingrid,Faith
Alice,Gloria,Alice
Diana,Faith,Diana
Candice,Eva,Eva
Gloria,Candice,Candice
Diana,Helen,Diana
Beatrice,Ingrid,Beatrice
Faith,Ingrid,Ingrid
Jane,Ingrid,Jane
Eva,Ingrid,Eva
Candice,Eva,Eva
Diana,Eva,Eva
Alice,Diana,Diana
Beatrice,Helen,Beatrice
Gloria,Candice,Candice
Ingrid,Diana,Ingrid
Diana,Faith,Diana
Faith,Diana,Diana
Eva,Beatrice,Eva
Beatrice,Jane,Jane
Ingrid,Beatrice,Ingrid
Diana,Alice,Alice
Diana,Candice,Candice
Helen,Alice,Helen
Ingrid,Helen,Helen
Gloria,Candice,Candice
Alice,Jane,Jane
Beatrice,Eva,Eva
Diana,Beatrice,Beatrice
Faith,Diana,Diana
Helen,Candice,Helen
Gloria,Candice,Gloria
Eva,Candice,Eva
Alice,Eva,Eva
Ingrid,Diana,Ingrid
Helen,Candice,Helen
Gloria,Faith,Gloria
Eva,Gloria,Eva
Gloria,Eva,Eva
Eva,Helen,Eva
Alice,Diana,Alice
Faith,Gloria,Faith
Alice,Faith,Alice
Ingrid,Faith,Ingrid
Jane,Eva,Jane
Gloria,Diana,Gloria
Eva,Gloria,Eva
Helen,Gloria,Helen
Helen,Beatrice,Beatrice
Faith,Beatrice,Beatrice
Beatrice,Eva,Eva
Jane,Gloria,Jane
Jane,Ingrid,Jane
Gloria,Jane,Jane
Faith,Helen,Helen
Gloria,Candice,Candice
Alice,Helen,Alice
Eva,Jane,Eva
Beatrice,Helen,Helen
Candice,Eva,Eva
Alice,Candice,Candice
Eva,Alice,Eva
Faith,Helen,Helen
Ingrid,Diana,Ingrid
Jane,Helen,Jane
Gloria,Diana,Diana
Eva,Candice,Eva
Candice,Eva,Eva
Candice,Faith,Candice
Eva,Alice,Alice
Candice,Ingrid,Candice
Diana,Ingrid,Ingrid
Faith,Diana,Diana
Alice,Candice,Alice
Ingrid,Candice,Ingrid
Gloria,Jane,Jane
Ingrid,Alice,Alice
Beatrice,Faith,Beatrice
Ingrid,Eva,Ingrid
Alice,Helen,Helen
Diana,Beatrice,Beatrice
Faith,Diana,Faith
Eva,Ingrid,Ingrid
Ingrid,Helen,Ingrid
Jane,Candice,Candice
Helen,Alice,Helen
Candice,Helen,Candice
Diana,Gloria,Gloria
Gloria,Alice,Alice
Beatrice,Jane,Jane
Beatrice,Ingrid,Beatrice
Jane,Ingrid,Jane
Eva,Gloria,Eva
Jane,Alice,Jane
Ingrid,Candice,Ingrid
Beatrice,Candice,Candice
Diana,Ingrid,Ingrid
Eva,Beatrice,Beatrice
Beatrice,Diana,Beatrice
Helen,Ingrid,Helen
Beatrice,Diana,Beatrice
Diana,Faith,Diana
Candice,Alice,Candice
Eva,Faith,Eva
Diana,Ingrid,Ingrid
Faith,Ingrid,Ingrid
Beatrice,Gloria,Gloria
Eva,Helen,Helen
Helen,Faith,Helen
Helen,Faith,Faith
Eva,Faith,Eva
Eva,Beatrice,Beatrice
Alice,Beatrice,Beatrice
Eva,Ingrid,Eva
Helen,Gloria,Helen
Beatrice,Eva,Beatrice
Gloria,Beatrice,Beatrice
Diana,Beatrice,Beatrice
Alice,Ingrid,Alice
Jane,Beatrice,Beatrice
Helen,Beatrice,Helen
Alice,Faith,Alice
Faith,Ingrid,Ingrid
Faith,Gloria,Faith
Alice,Helen,Helen
Jane,Alice,Jane
Diana,Faith,Faith
Faith,Diana,Faith
Ingrid,Faith,Ingrid
Faith,Gloria,Faith
Eva,Beatrice,Eva
Candice,Gloria,Candice
Beatrice,Candice,Beatrice
Eva,Candice,Eva
Faith,Diana,Diana
Gloria,Faith,Gloria
Gloria,Alice,Alice
Jane,Gloria,Jane
Gloria,Eva,Eva
Alice,Gloria,Gloria
Jane,Eva,Eva
Diana,Ingrid,Ingrid
Ingrid,Alice,Ingrid
Jane,Diana,Jane
Gloria,Candice,Candice
Eva,Beatrice,Beatrice
Alice,Candice,Candice
Gloria,Beatrice,Beatrice
Ingrid,Alice,Ingrid
Gloria,Jane,Jane
Diana,Candice,Candice
Helen,Alice,Helen
Eva,Candice,Eva
Alice,Eva,Eva
Faith,Alice,Faith
Ingrid,Faith,Faith
Eva,Alice,Eva
Ingrid,Faith,Ingrid
Candice,Gloria,Candice
Ingrid,Faith,Ingrid
Beatrice,Candice,Beatrice
Alice,Diana,Alice
Jane,Eva,Jane
Candice,Eva,Candice
Gloria,Helen,Helen
Eva,Helen,Eva
Helen,Gloria,Gloria
Helen,Alice,Helen
Candice,Beatrice,Candice
Gloria,Helen,Helen
Candice,Eva,Candice
Faith,Beatrice,Beatrice
Ingrid,Diana,Diana
Jane,Diana,Jane
Jane,Diana,Jane
Faith,Beatrice,Beatrice
Diana,Ingrid,Diana
Alice,Beatrice,Alice
Faith,Ingrid,Ingrid
Alice,Eva,Eva
Faith,Jane,Jane
Ingrid,Candice,Candice
Diana,Candice,Diana
Eva,Ingrid,Eva
Jane,Ingrid,Jane
Eva,Ingrid,Eva
Ingrid,Candice,Candice
Faith,Gloria,Gloria
Beatrice,Diana,Beatrice
Candice,Alice,Candice
Gloria,Diana,Diana
Helen,Ingrid,Helen
Alice,Gloria,Gloria
Jane,Candice,Candice
Ingrid,Beatrice,Beatrice
Jane,Faith,Jane
Candice,Gloria,Gloria
Jane,Alice,Jane
Alice,Diana,Alice
Beatrice,Ingrid,Beatrice
Diana,Helen,Helen
Faith,Candice,Candice
Helen,Ingrid,Helen
Candice,Alice,Candice
Diana,Jane,Jane
Faith,Alice,Alice
Alice,Diana,Diana
Candice,Eva,Eva
Alice,Eva,Eva
Candice,Helen,Helen
Alice,Beatrice,Beatrice
Jane,Beatrice,Jane
Eva,Jane,Eva
Jane,Faith,Jane
Alice,Eva,Eva
Faith,Beatrice,Beatrice
Faith,Candice,Candice
Ingrid,Candice,Ingrid
Candice,Diana,Candice
Candice,Jane,Jane
Alice,Jane,Jane
Alice,Helen,Helen
Faith,Diana,Diana
Alice,Beatrice,Beatrice
Ingrid,Jane,Jane
Jane,Eva,Eva
Candice,Alice,Candice
Candice,Faith,Candice
Beatrice,Helen,Beatrice
Alice,Jane,Jane
Eva,Diana,Eva
Beatrice,Eva,Eva
Diana,Alice,Alice
Gloria,Diana,Diana
Jane,Candice,Jane
Alice,Ingrid,Alice
Gloria,Alice,Gloria
Beatrice,Ingrid,Beatrice
Ingrid,Beatrice,Beatrice
Eva,Gloria,Eva
Diana,Eva,Eva
Beatrice,Gloria,Beatrice
Diana,Alice,Alice
Eva,Gloria,Eva
Faith,Candice,Candice
Gloria,Alice,Gloria
Diana,Faith,Diana
Alice,Beatrice,Beatrice
Diana,Faith,Diana
Diana,Candice,Diana
Gloria,Beatrice,Beatrice
Jane,Alice,Jane
Beatrice,Faith,Beatrice
Ingrid,Helen,Helen
Candice,Ingrid,Ingrid
Faith,Helen,Helen
Faith,Alice,Alice
Diana,Candice,Candice
Candice,Faith,Candice
Jane,Diana,Jane
Jane,Faith,Jane
Diana,Gloria,Gloria
Candice,Ingrid,Candice
Jane,Candice,Candice
Helen,Ingrid,Helen
Candice,Faith,Candice
Eva,Jane,Eva
Ingrid,Faith,Faith
Ingrid,Helen,Helen
Beatrice,Jane,Beatrice
Helen,Beatrice,Helen
Beatrice,Alice,Beatrice
Jane,Diana,Jane
Helen,Candice,Candice
Beatrice,Gloria,Beatrice
Gloria,Helen,Helen
Eva,Diana,Eva
Diana,Helen,Helen
Helen,Eva,Helen
Ingrid,Beatrice,Beatrice
Candice,Jane,Jane
Jane,Faith,Jane
Jane,Alice,Jane
Eva,Gloria,Gloria
Ingrid,Helen,Helen
Diana,Faith,Diana
Beatrice,Gloria,Beatrice
Candice,Jane,Jane
Gloria,Beatrice,Gloria
Alice,Ingrid,Alice
Helen,Ingrid,Helen
Alice,Jane,Alice
Ingrid,Helen,Helen
Gloria,Jane,Jane
Eva,Alice,Eva
Beatrice,Diana,Beatrice
Helen,Diana,Helen
Helen,Gloria,Helen
Beatrice,Gloria,Beatrice
Alice,Faith,Alice
Helen,Alice,Helen
Ingrid,Beatrice,Beatrice
Faith,Ingrid,Ingrid
Diana,Ingrid,Ingrid
Beatrice,Gloria,Beatrice
Beatrice,Alice,Beatrice
Gloria,Candice,Candice
Jane,Alice,Jane
Alice,Candice,Candice
Jane,Faith,Jane
Candice,Diana,Candice
Diana,Ingrid,Ingrid
Helen,Faith,Helen
Candice,Beatrice,Beatrice
Helen,Alice,Helen
Faith,Candice,Faith
Faith,Eva,Eva
Diana,Alice,Alice
Jane,Helen,Jane
Faith,Beatrice,Beatrice
Gloria,Helen,Helen
Faith,Ingrid,Ingrid
Helen,Jane,Jane
Beatrice,Eva,Eva
Faith,Gloria,Faith
Eva,Jane,Eva
Alice,Diana,Alice
Helen,Gloria,Helen
Jane,Helen,Jane
Jane,Gloria,Jane
Candice,Jane,Candice
Jane,Gloria,Jane
Ingrid,Beatrice,Beatrice
Beatrice,Ingrid,Beatrice
Diana,Helen,Helen
Beatrice,Helen,Beatrice
Jane,Ingrid,Jane
Beatrice,Ingrid,Beatrice
Jane,Helen,Helen
Candice,Ingrid,Candice
Alice,Faith,Faith
Eva,Ingrid,Eva
Helen,Beatrice,Beatrice
Diana,Faith,Diana
Jane,Eva,Eva
Alice,Ingrid,Alice
Ingrid,Candice,Candice
Gloria,Jane,Jane
Faith,Alice,Alice
Beatrice,Helen,Helen
Alice,Jane,Jane
Beatrice,Diana,Beatrice
Ingrid,Helen,Helen
Diana,Jane,Jane
Alice,Diana,Alice
Alice,Jane,Jane
Eva,Faith,Eva
Eva,Alice,Eva
Diana,Ingrid,Ingrid
Eva,Gloria,Eva
Candice,Eva,Eva
Faith,Jane,Jane
Candice,Alice,Alice
Beatrice,Gloria,Beatrice
Faith,Ingrid,Ingrid
Jane,Beatrice,Beatrice
Gloria,Helen,Helen
Ingrid,Helen,Helen
Faith,Eva,Eva
Eva,Candice,Eva
Diana,Jane,Jane
Ingrid,Helen,Helen
Alice,Jane,Jane
Diana,Eva,Eva
Diana,Eva,Eva
Helen,Eva,Helen
Gloria,Candice,Candice
Candice,Faith,Candice
Eva,Gloria,Eva
Helen,Gloria,Helen
Ingrid,Eva,Eva
Diana,Beatrice,Beatrice
Faith,Diana,Faith
Eva,Helen,Helen
Beatrice,Candice,Beatrice
Diana,Beatrice,Beatrice
Eva,Beatrice,Eva
Alice,Diana,Alice
Gloria,Helen,Helen
Eva,Alice,Eva
Alice,Diana,Diana
Helen,Candice,Candice
Alice,Jane,Jane
Diana,Faith,Diana
Ingrid,Diana,Diana
Diana,Helen,Helen
Helen,Candice,Helen
Ingrid,Alice,Alice
Faith,Helen,Helen
Beatrice,Ingrid,Ingrid
Diana,Beatrice,Beatrice
Diana,Eva,Eva
Beatrice,Jane,Beatrice
Ingrid,Faith,Ingrid
Helen,Alice,Helen
Diana,Alice,Diana
Gloria,Beatrice,Beatrice
Beatrice,Ingrid,Beatrice
Diana,Gloria,Diana
Beatrice,Gloria,Beatrice
Helen,Candice,Helen
Alice,Eva,Eva
Candice,Gloria,Candice
Gloria,Alice,Alice
Diana,Gloria,Gloria
Helen,Candice,Helen
Jane,Beatrice,Jane
Jane,Eva,Eva
Beatrice,Candice,Beatrice
Ingrid,Helen,Helen
Alice,Diana,Diana
Ingrid,Alice,Ingrid
Beatrice,Candice,Beatrice
Gloria,Helen,Helen
Eva,Gloria,Eva
Alice,Ingrid,Alice
Faith,Eva,Eva
Alice,Helen,Alice
Diana,Gloria,Diana
Ingrid,Alice,Ingrid
Jane,Candice,Jane
Diana,Helen,Helen
Faith,Beatrice,Beatrice
Eva,Helen,Eva
Helen,Jane,Helen
Faith,Eva,Eva
Alice,Jane,Jane
Ingrid,Alice,Alice
Faith,Gloria,Gloria
Candice,Eva,Eva
Ingrid,Candice,Candice
Faith,Eva,Eva
Candice,Gloria,Candice
Gloria,Jane,Jane
Candice,Faith,Candice
Candice,Jane,Jane
Diana,Gloria,Gloria
Candice,Helen,Candice
Eva,Beatrice,Eva
Gloria,Candice,Candice
Faith,Alice,Alice
Ingrid,Jane,Jane
Beatrice,Helen,Beatrice
Beatrice,Jane,Beatrice
Beatrice,Ingrid,Beatrice
Gloria,Helen,Helen
Gloria,Candice,Candice
Faith,Alice,Alice
Gloria,Beatrice,Beatrice
Candice,Eva,Eva
Candice,Faith,Candice
Diana,Beatrice,Beatrice
Candice,Helen,Helen
Faith,Candice,Candice
Beatrice,Eva,Eva
Helen,Jane,Helen
Diana,Beatrice,Beatrice
Helen,Diana,Helen
Eva,Diana,Eva
Ingrid,Beatrice,Beatrice
Ingrid,Helen,Helen
Faith,Jane,Jane
Candice,Diana,Candice
Gloria,Faith,Faith
Beatrice,Diana,Beatrice
Beatrice,Diana,Beatrice
Candice,Jane,Jane
Ingrid,Alice,Alice
Candice,Alice,Alice
Jane,Helen,Helen
Diana,Gloria,Diana
Faith,Helen,Helen
Helen,Eva,Eva
Candice,Ingrid,Candice
Eva,Alice,Eva
Helen,Gloria,Helen
Diana,Alice,Alice
Diana,Gloria,Diana
Eva,Faith,Eva
Ingrid,Alice,Alice
Gloria,Alice,Alice
Jane,Candice,Jane
Gloria,Helen,Helen
Gloria,Faith,Faith
Candice,Diana,Candice
Eva,Jane,Eva
Alice,Ingrid,Ingrid
Diana,Alice,Diana
Candice,Faith,Candice
Eva,Ingrid,Eva
Faith,Helen,Helen
Jane,Faith,Jane
Jane,Helen,Jane
Jane,Faith,Jane
Eva,Helen,Eva
Diana,Helen,Helen
Gloria,Beatrice,Beatrice
Beatrice,Diana,Beatrice
Ingrid,Alice,Ingrid
Diana,Eva,Eva
Candice,Gloria,Candice
Eva,Faith,Eva
Diana,Gloria,Gloria
Gloria,Faith,Gloria
Beatrice,Gloria,Beatrice
Helen,Ingrid,Helen
Gloria,Faith,Gloria
Diana,Helen,Helen
Diana,Ingrid,Diana
Helen,Diana,Helen
Alice,Ingrid,Alice
Alice,Ingrid,Alice
Jane,Gloria,Jane
Gloria,Jane,Jane
Candice,Faith,Candice
Gloria,Eva,Eva
Candice,Faith,Candice
Gloria,Helen,Gloria
Beatrice,Helen,Helen
Faith,Diana,Diana
Alice,Candice,Candice
Diana,Alice,Alice
Eva,Ingrid,Eva
Eva,Beatrice,Beatrice
Ingrid,Eva,Eva
Candice,Alice,Alice
Ingrid,Helen,Ingrid
Faith,Ingrid,Ingrid
Helen,Eva,Eva
Jane,Diana,Jane
Faith,Eva,Eva
Alice,Jane,Jane
Beatrice,Alice,Beatrice
Alice,Gloria,Alice
Ingrid,Beatrice,Beatrice
Candice,Helen,Candice
Jane,Faith,Jane
Beatrice,Candice,Candice
Diana,Helen,Helen
Eva,Ingrid,Eva
Candice,Faith,Candice
Eva,Gloria,Gloria
Faith,Beatrice,Beatrice
Diana,Beatrice,Beatrice
Beatrice,Candice,Beatrice
Candice,Helen,Helen
Helen,Faith,Helen
Diana,Helen,Helen
Helen,Ingrid,Helen
Helen,Ingrid,Helen
Alice,Ingrid,Ingrid
Alice,Jane,Jane
Diana,Helen,Helen
Faith,Alice,Alice
Helen,Gloria,Helen
Helen,Diana,Helen
Alice,Ingrid,Ingrid
Beatrice,Candice,Beatrice
Ingrid,Helen,Helen
Candice,Gloria,Candice
Eva,Faith,Eva
Faith,Gloria,Gloria
Gloria,Eva,Eva
Helen,Faith,Helen
Alice,Eva,Eva
Diana,Faith,Faith
Beatrice,Helen,Beatrice
Faith,Eva,Eva
Eva,Jane,Jane
Helen,Ingrid,Helen
Diana,Candice,Candice
Eva,Ingrid,Eva
Jane,Ingrid,Jane
Eva,Candice,Eva
Helen,Gloria,Helen
Gloria,Alice,Gloria
Gloria,Eva,Eva
Helen,Faith,Helen
Diana,Helen,Helen
Ingrid,Beatrice,Beatrice
Diana,Jane,Jane
Gloria,Jane,Jane
Faith,Alice,Alice
Jane,Beatrice,Beatrice
Helen,Beatrice,Beatrice
Candice,Helen,Helen
Eva,Diana,Eva
Faith,Candice,Candice
Faith,Candice,Candice
Alice,Gloria,Alice
Ingrid,Eva,Ingrid
Helen,Alice,Helen
Alice,Beatrice,Alice
Helen,Eva,Eva
Alice,Faith,Alice
Alice,Helen,Alice
Candice,Jane,Jane
Diana,Eva,Eva
Ingrid,Candice,Candice
Diana,Gloria,Gloria
Gloria,Helen,Helen
Gloria,Beatrice,Beatrice
Alice,Jane,Jane
Candice,Eva,Eva
Helen,Jane,Jane
Diana,Alice,Alice
Candice,Gloria,Candice
Jane,Alice,Jane
Gloria,Diana,Gloria
Helen,Alice,Helen
Gloria,Jane,Jane
Helen,Faith,Helen
Jane,Candice,Candice
Gloria,Candice,Candice
Faith,Beatrice,Beatrice
Alice,Gloria,Alice
Diana,Ingrid,Diana
Eva,Beatrice,Beatrice
Beatrice,Faith,Beatrice
Diana,Gloria,Gloria
Alice,Jane,Jane
Ingrid,Beatrice,Beatrice
Diana,Helen,Helen
Diana,Eva,Eva
Eva,Alice,Eva
Candice,Jane,Jane
Diana,Beatrice,Beatrice
Diana,Helen,Helen
Gloria,Alice,Gloria
Faith,Jane,Jane
Candice,Beatrice,Beatrice
Faith,Beatrice,Beatrice
Diana,Eva,Eva
Faith,Jane,Jane
Jane,Gloria,Jane
Beatrice,Candice,Beatrice
Helen,Alice,Helen
Candice,Alice,Alice
Beatrice,Ingrid,Beatrice
Diana,Jane,Jane
Jane,Eva,Eva
Diana,Faith,Diana
Faith,Ingrid,Ingrid
Candice,Ingrid,Candice
Helen,Gloria,Helen
Diana,Eva,Diana
Eva,Helen,Eva
Candice,Jane,Jane
Beatrice,Ingrid,Ingrid
Faith,Diana,Diana
Helen,Beatrice,Beatrice
Helen,Eva,Eva
Beatrice,Eva,Eva
Faith,Eva,Eva
Candice,Gloria,Candice
Jane,Ingrid,Jane
Jane,Diana,Jane
Diana,Eva,Eva
Alice,Faith,Alice
Ingrid,Eva,Eva
Beatrice,Candice,Beatrice
Faith,Eva,Eva
Helen,Candice,Candice
Eva,Helen,Helen
Beatrice,Helen,Helen
Candice,Helen,Candice
Diana,Beatrice,Beatrice
Diana,Helen,Helen
Helen,Diana,Helen
Helen,Gloria,Helen
Alice,Beatrice,Alice
Candice,Eva,Eva
Ingrid,Jane,Jane
Candice,Eva,Candice
Faith,Alice,Faith
Jane,Diana,Jane
Jane,Alice,Jane
Helen,Jane,Helen
Beatrice,Diana,Beatrice
Beatrice,Helen,Helen
Ingrid,Beatrice,Beatrice
Beatrice,Alice,Beatrice
Eva,Alice,Eva
Beatrice,Diana,Beatrice
Jane,Eva,Eva
Eva,Faith,Eva
Gloria,Helen,Helen
Helen,Eva,Helen
Jane,Gloria,Jane
Alice,Candice,Candice
Faith,Helen,Helen
Faith,Eva,Eva
Diana,Ingrid,Diana
Beatrice,Diana,Beatrice
Faith,Ingrid,Ingrid
Eva,Beatrice,Beatrice
Diana,Jane,Jane
Diana,Gloria,Diana
Eva,Jane,Eva
Ingrid,Diana,Ingrid
Helen,Diana,Helen
Helen,Eva,Eva
Beatrice,Ingrid,Beatrice
Jane,Ingrid,Jane
Helen,Beatrice,Beatrice
Jane,Diana,Jane
Candice,Beatrice,Beatrice
Beatrice,Eva,Eva
Alice,Jane,Alice
Alice,Jane,Jane
Diana,Beatrice,Beatrice
Eva,Faith,Eva
Diana,Helen,Helen
Candice,Jane,Jane
Candice,Alice,Candice
Helen,Alice,Helen
Faith,Diana,Diana
Diana,Helen,Helen
Eva,Ingrid,Eva
Jane,Gloria,Jane
Candice,Gloria,Candice
Jane,Candice,Jane
Alice,Eva,Eva
Beatrice,Alice,Beatrice
Diana,Helen,Helen
Beatrice,Jane,Beatrice
Faith,Ingrid,Faith
Diana,Eva,Eva
Jane,Gloria,Jane
Helen,Ingrid,Helen
Candice,Alice,Candice
Eva,Faith,Eva
Ingrid,Beatrice,Beatrice
Diana,Helen,Helen
Helen,Candice,Helen
Jane,Alice,Jane
Faith,Diana,Faith
Gloria,Diana,Diana
Candice,Gloria,Candice
Beatrice,Gloria,Beatrice
Gloria,Helen,Helen
Jane,Gloria,Jane
Eva,Gloria,Eva
Eva,Ingrid,Ingrid
Faith,Eva,Eva
Diana,Candice,Candice
Helen,Faith,Helen
Beatrice,Ingrid,Ingrid
Candice,Alice,Candice
Beatrice,Gloria,Beatrice
Faith,Candice,Candice
Helen,Alice,Helen
Ingrid,Helen,Ingrid
Eva,Faith,Eva
Diana,Eva,Eva
Faith,Ingrid,Ingrid
Eva,Helen,Eva
Alice,Ingrid,Ingrid
Alice,Eva,Alice
Jane,Helen,Jane
Diana,Beatrice,Beatrice
Faith,Alice,Alice
Candice,Faith,Faith
Eva,Faith,Eva
Ingrid,Eva,Eva
Candice,Eva,Candice
Helen,Eva,Eva
Jane,Ingrid,Jane
Alice,Eva,Eva
Candice,Alice,Candice
Beatrice,Jane,Beatrice
Eva,Gloria,Eva
Helen,Diana,Helen
Diana,Candice,Diana
Alice,Beatrice,Beatrice
Helen,Candice,Helen
Helen,Candice,Helen
Beatrice,Helen,Helen
Beatrice,Ingrid,Beatrice
Eva,Ingrid,Eva
Candice,Faith,Candice
Jane,Helen,Jane
Faith,Ingrid,Ingrid
Candice,Ingrid,Candice
Helen,Eva,Eva
Ingrid,Jane,Ingrid
Gloria,Jane,Jane
Candice,Diana,Candice
Helen,Jane,Helen
Diana,Gloria,Gloria
Ingrid,Faith,Ingrid
Diana,Gloria,Gloria
Eva,Beatrice,Beatrice
Diana,Helen,Helen
Alice,Beatrice,Beatrice
Diana,Eva,Eva
Jane,Alice,Jane
Gloria,Eva,Eva
Faith,Alice,Alice
Beatrice,Alice,Beatrice
Alice,Candice,Alice
Jane,Eva,Eva
Jane,Helen,Jane
Beatrice,Jane,Jane
Eva,Candice,Candice
Alice,Eva,Eva
Eva,Diana,Eva
Beatrice,Eva,Eva
Helen,Gloria,Helen
Ingrid,Candice,Candice
Diana,Jane,Jane
Ingrid,Diana,Ingrid
Diana,Jane,Jane
Helen,Beatrice,Beatrice
Eva,Diana,Eva
Ingrid,Beatrice,Beatrice
Faith,Ingrid,Ingrid
Diana,Beatrice,Beatrice
Beatrice,Alice,Alice
Alice,Eva,Alice
Diana,Jane,Jane
Helen,Alice,Alice
Faith,Gloria,Gloria
Diana,Helen,Helen
Candice,Diana,Candice
Faith,Helen,Helen
Beatrice,Gloria,Beatrice
Candice,Diana,Candice
Eva,Beatrice,Eva
Ingrid,Faith,Ingrid
Alice,Gloria,Alice
Gloria,Eva,Eva
Gloria,Helen,Helen
Eva,Diana,Eva
Ingrid,Faith,Ingrid
Candice,Alice,Alice
Alice,Ingrid,Ingrid
Jane,Faith,Faith
Candice,Ingrid,Ingrid
Candice,Ingrid,Candice
Helen,Ingrid,Helen
Gloria,Candice,Candice
Ingrid,Faith,Ingrid
Faith,Ingrid,Ingrid
Ingrid,Helen,Helen
Faith,Helen,Helen
Diana,Alice,Alice
Faith,Beatrice,Beatrice
Gloria,Faith,Faith
Beatrice,Diana,Beatrice
Candice,Jane,Jane
Alice,Eva,Eva
Candice,Eva,Candice
Gloria,Diana,Gloria
Gloria,Alice,Alice
Faith,Gloria,Gloria
Eva,Ingrid,Eva
Gloria,Beatrice,Beatrice
Diana,Ingrid,Ingrid
Candice,Gloria,Candice
Diana,Alice,Diana
Alice,Eva,Eva
Alice,Gloria,Alice
Faith,Jane,Jane
Jane,Beatrice,Beatrice
Candice,Alice,Candice
Faith,Jane,Jane
Ingrid,Alice,Ingrid
Diana,Eva,Eva
Alice,Eva,Eva
Eva,Alice,Eva
Candice,Eva,Eva
Jane,Ingrid,Ingrid
Eva,Helen,Helen
Faith,Beatrice,Beatrice
Candice,Jane,Jane
Eva,Jane,Eva
Alice,Eva,Alice
Beatrice,Eva,Beatrice
Alice,Faith,Faith
Jane,Helen,Helen
Diana,Jane,Jane
Alice,Helen,Helen
Beatrice,Ingrid,Ingrid
Diana,Alice,Alice
Diana,Gloria,Diana
Jane,Helen,Jane
Alice,Candice,Candice
Alice,Jane,Jane
Beatrice,Gloria,Beatrice
Helen,Jane,Helen
Jane,Helen,Helen
Gloria,Alice,Alice
Faith,Helen,Helen
Candice,Gloria,Gloria
Jane,Diana,Jane
Helen,Diana,Helen
Eva,Candice,Eva
Jane,Faith,Jane
Eva,Faith,Eva
Faith,Alice,Alice
Helen,Alice,Helen
Ingrid,Beatrice,Ingrid
Beatrice,Ingrid,Beatrice
Alice,Jane,Jane
Helen,Gloria,Helen
Gloria,Helen,Helen
Jane,Faith,Jane
Helen,Jane,Helen
Jane,Diana,Jane
Candice,Beatrice,Beatrice
Eva,Candice,Eva
Jane,Diana,Jane
Beatrice,Gloria,Beatrice
Candice,Beatrice,Beatrice
Beatrice,Candice,Beatrice
Candice,Helen,Candice
Diana,Candice,Candice
Beatrice,Ingrid,Beatrice
Diana,Helen,Helen
Candice,Beatrice,Candice
Beatrice,Ingrid,Beatrice
Beatrice,Ingrid,Beatrice
Eva,Gloria,Eva
Beatrice,Gloria,Beatrice
Eva,Gloria,Eva
Ingrid,Beatrice,Beatrice
Eva,Jane,Eva
Eva,Candice,Candice
Beatrice,Candice,Candice
Helen,Diana,Helen
Gloria,Candice,Candice
Alice,Diana,Alice
Eva,Helen,Helen
Candice,Faith,Candice
Ingrid,Eva,Eva
Faith,Eva,Eva
Faith,Ingrid,Ingrid
Candice,Jane,Jane
Diana,Candice,Candice
Ingrid,Diana,Diana
Jane,Eva,Jane
Beatrice,Helen,Beatrice
Jane,Eva,Jane
Helen,Candice,Helen
Helen,Diana,Helen
Diana,Faith,Diana
Ingrid,Candice,Ingrid
Helen,Eva,Eva
Gloria,Beatrice,Beatrice
Diana,Candice,Diana
Gloria,Alice,Alice
Helen,Beatrice,Beatrice
Gloria,Beatrice,Beatrice
Candice,Alice,Candice
Ingrid,Diana,Ingrid
Gloria,Beatrice,Beatrice
Jane,Ingrid,Jane
Faith,Jane,Jane
Jane,Beatrice,Jane
Helen,Ingrid,Helen
Eva,Jane,Jane
Ingrid,Beatrice,Beatrice
Eva,Alice,Eva
Beatrice,Helen,Beatrice
Eva,Diana,Eva
Beatrice,Helen,Beatrice
Jane,Candice,Candice
Candice,Diana,Diana
Helen,Ingrid,Helen
Candice,Faith,Faith
Diana,Alice,Diana
Eva,Gloria,Eva
Ingrid,Diana,Ingrid
Candice,Eva,Eva
Gloria,Helen,Helen
Helen,Ingrid,Helen
Gloria,Jane,Jane
Beatrice,Gloria,Beatrice
Alice,Jane,Jane
Faith,Jane,Jane
Eva,Alice,Eva
Diana,Faith,Diana
Diana,Beatrice,Beatrice
Candice,Gloria,Gloria
Ingrid,Alice,Ingrid
Eva,Alice,Eva
Ingrid,Alice,Ingrid
Helen,Candice,Helen
Eva,Faith,Eva
Candice,Beatrice,Candice
Eva,Helen,Eva
Helen,Alice,Helen
Gloria,Helen,Helen
Candice,Jane,Jane
Alice,Beatrice,Alice
Alice,Beatrice,Beatrice
Gloria,Helen,Helen
Diana,Helen,Helen
Alice,Beatrice,Alice
Beatrice,Eva,Beatrice
Beatrice,Alice,Beatrice
Alice,Eva,Eva
Diana,Eva,Eva
Jane,Eva,Eva
Faith,Jane,Jane
Alice,Candice,Candice
Alice,Ingrid,Ingrid
Diana,Faith,Faith
Ingrid,Diana,Ingrid
Ingrid,Eva,Eva
Ingrid,Candice,Candice
Faith,Diana,Diana
Jane,Eva,Eva
Beatrice,Faith,Beatrice
Alice,Gloria,Alice
Gloria,Eva,Eva
Diana,Ingrid,Ingrid
Ingrid,Eva,Eva
Eva,Gloria,Gloria
Jane,Helen,Jane
Beatrice,Alice,Beatrice
Jane,Gloria,Jane
Gloria,Jane,Jane
Helen,Eva,Eva
Gloria,Beatrice,Beatrice
Gloria,Candice,Gloria
Jane,Helen,Helen
Diana,Alice,Alice
Diana,Candice,Diana
Candice,Helen,Helen
Alice,Candice,Candice
Helen,Eva,Eva
Candice,Eva,Eva
Candice,Eva,Eva
Gloria,Jane,Jane
Helen,Jane,Jane
Faith,Alice,Alice
Diana,Faith,Faith
Eva,Faith,Eva
Gloria,Candice,Gloria
Ingrid,Beatrice,Beatrice
Alice,Ingrid,Ingrid
Diana,Helen,Helen
Beatrice,Jane,Beatrice
Alice,Eva,Eva
Helen,Jane,Helen
Diana,Eva,Eva
Diana,Jane,Jane
Candice,Gloria,Candice
Beatrice,Alice,Beatrice
Faith,Jane,Jane
Ingrid,Eva,Eva
Alice,Eva,Eva
Alice,Gloria,Gloria
Gloria,Diana,Diana
Eva,Jane,Eva
Jane,Beatrice,Jane
Beatrice,Gloria,Beatrice
Candice,Ingrid,Ingrid
Diana,Candice,Diana
Candice,Helen,Helen
Ingrid,Beatrice,Beatrice
Candice,Diana,Candice
Candice,Eva,Candice
Helen,Faith,Helen
Diana,Candice,Diana
Jane,Alice,Jane
Jane,Gloria,Jane
Jane,Ingrid,Jane
Faith,Ingrid,Ingrid
Alice,Diana,Alice
Eva,Candice,Candice
Alice,Helen,Alice
Gloria,Eva,Eva
Beatrice,Ingrid,Beatrice
Beatrice,Jane,Jane
Beatrice,Diana,Beatrice
Gloria,Faith,Faith
Beatrice,Ingrid,Beatrice
Eva,Ingrid,Eva
Candice,Alice,Candice
Beatrice,Candice,Beatrice
Ingrid,Candice,Candice
Jane,Gloria,Jane
Gloria,Helen,Helen
Faith,Beatrice,Beatrice
Eva,Faith,Eva
Jane,Helen,Helen
Eva,Helen,Eva
Diana,Gloria,Diana
Faith,Candice,Candice
Faith,Alice,Alice
Diana,Eva,Eva
Eva,Diana,Eva
Gloria,Faith,Gloria
Beatrice,Candice,Candice
Candice,Gloria,Candice
Eva,Jane,Eva
Diana,Beatrice,Beatrice
Candice,Faith,Faith
Alice,Beatrice,Beatrice
Diana,Ingrid,Ingrid
Beatrice,Diana,Beatrice
Diana,Faith,Diana
Diana,Beatrice,Beatrice
Beatrice,Helen,Helen
Ingrid,Candice,Ingrid
Jane,Gloria,Jane
Faith,Ingrid,Ingrid
Beatrice,Ingrid,Ingrid
Ingrid,Diana,Ingrid
Eva,Diana,Eva
Ingrid,Candice,Ingrid
Alice,Candice,Candice
Diana,Jane,Jane
Helen,Eva,Eva
Eva,Beatrice,Beatrice
Diana,Candice,Candice
Alice,Beatrice,Beatrice
Beatrice,Eva,Beatrice
Diana,Ingrid,Diana
Ingrid,Diana,Ingrid
Beatrice,Faith,Beatrice
Eva,Helen,Eva
Faith,Alice,Faith
Ingrid,Beatrice,Beatrice
Eva,Gloria,Eva
Helen,Faith,Helen
Eva,Ingrid,Eva
Diana,Ingrid,Ingrid
Helen,Ingrid,Helen
Helen,Eva,Eva
Faith,Diana,Diana
Ingrid,Eva,Eva
Ingrid,Helen,Helen
Beatrice,Helen,Beatrice
Helen,Faith,Faith
Helen,Candice,Helen
Helen,Jane,Helen
Helen,Alice,Helen
Eva,Jane,Jane
Gloria,Helen,Helen
Beatrice,Eva,Eva
Diana,Helen,Helen
Candice,Gloria,Candice
Candice,Alice,Candice
Jane,Beatrice,Beatrice
Eva,Jane,Eva
Beatrice,Faith,Beatrice
Diana,Candice,Candice
Alice,Faith,Alice
Candice,Alice,Alice
Gloria,Diana,Diana
Diana,Eva,Eva
Beatrice,Jane,Beatrice
Ingrid,Jane,Ingrid
Eva,Faith,Eva
Eva,Alice,Eva
Diana,Jane,Jane
Jane,Diana,Jane
Helen,Diana,Helen
Ingrid,Jane,Jane
Ingrid,Alice,Alice
Helen,Alice,Helen
Diana,Beatrice,Beatrice
Helen,Jane,Jane
Faith,Candice,Candice
Diana,Jane,Jane
Diana,Gloria,Diana
Ingrid,Jane,Jane
Helen,Faith,Helen
Gloria,Beatrice,Beatrice
Faith,Alice,Alice
Diana,Jane,Jane
Eva,Jane,Jane
Candice,Beatrice,Candice
Alice,Beatrice,Beatrice
Eva,Candice,Eva
Gloria,Helen,Helen
Eva,Jane,Eva
Helen,Faith,Helen
Candice,Helen,Helen
Eva,Gloria,Eva
Ingrid,Jane,Jane
Faith,Helen,Helen
Faith,Diana,Diana
Diana,Gloria,Diana
Beatrice,Helen,Beatrice
Eva,Diana,Eva
Beatrice,Candice,Beatrice
Eva,Gloria,Eva
Alice,Ingrid,Ingrid
Faith,Alice,Faith
Faith,Gloria,Faith
Helen,Candice,Helen
Helen,Alice,Helen
Diana,Alice,Diana
Beatrice,Faith,Beatrice
Faith,Jane,Jane
Alice,Gloria,Alice
Candice,Jane,Jane
Candice,Eva,Eva
Diana,Alice,Diana
Alice,Candice,Alice
Jane,Ingrid,Jane
Beatrice,Jane,Jane
Helen,Gloria,Helen
Ingrid,Eva,Ingrid
Gloria,Jane,Jane
Faith,Candice,Candice
Helen,Candice,Helen
Helen,Gloria,Helen
Beatrice,Alice,Beatrice
Eva,Jane,Eva
Eva,Ingrid,Eva
Eva,Helen,Helen
Alice,Diana,Diana
Ingrid,Jane,Jane
Candice,Gloria,Gloria
Jane,Ingrid,Jane
Beatrice,Jane,Beatrice
Eva,Diana,Eva
Eva,Ingrid,Eva
Gloria,Faith,Gloria
Ingrid,Candice,Ingrid
Faith,Ingrid,Ingrid
Eva,Candice,Candice
Gloria,Candice,Candice
Alice,Candice,Candice
Gloria,Candice,Candice
Ingrid,Faith,Ingrid
Helen,Ingrid,Helen
Alice,Diana,Alice
Alice,Candice,Alice
Helen,Jane,Jane
Jane,Diana,Jane
Diana,Gloria,Diana
Ingrid,Beatrice,Beatrice
Eva,Diana,Diana
Eva,Jane,Eva
Eva,Diana,Eva
Beatrice,Alice,Beatrice
Faith,Diana,Faith
Eva,Beatrice,Eva
Alice,Ingrid,Ingrid
Alice,Faith,Faith
Gloria,Eva,Eva
Eva,Jane,Jane
Candice,Gloria,Candice
Beatrice,Helen,Helen
Gloria,Eva,Eva
Eva,Gloria,Eva
Gloria,Faith,Faith
Candice,Diana,Candice
Candice,Alice,Candice
Diana,Candice,Candice
Eva,Beatrice,Beatrice
Eva,Jane,Jane
Beatrice,Candice,Beatrice
Diana,Beatrice,Beatrice
Gloria,Alice,Alice
Alice,Helen,Helen
Eva,Gloria,Eva
Alice,Eva,Eva
Alice,Helen,Helen
Gloria,Beatrice,Beatrice
Faith,Gloria,Gloria
Faith,Gloria,Gloria
Diana,Eva,Eva
Alice,Beatrice,Beatrice
Jane,Diana,Jane
Eva,Faith,Eva
Jane,Faith,Jane
Faith,Helen,Faith
Beatrice,Diana,Beatrice
Jane,Gloria,Jane
Helen,Candice,Helen
Eva,Beatrice,Beatrice
Eva,Alice,Eva
Gloria,Alice,Alice
Jane,Beatrice,Jane
Jane,Alice,Jane
Beatrice,Faith,Beatrice
Eva,Beatrice,Beatrice
Alice,Gloria,Gloria
Jane,Diana,Jane
Diana,Faith,Diana
Ingrid,Helen,Helen
Candice,Gloria,Candice
Alice,Diana,Alice
Eva,Alice,Eva
Diana,Helen,Helen
Beatrice,Jane,Jane
Beatrice,Ingrid,Beatrice
Gloria,Candice,Candice
Faith,Alice,Alice
Beatrice,Candice,Beatrice
Beatrice,Jane,Jane
Beatrice,Diana,Beatrice
Beatrice,Candice,Beatrice
Alice,Jane,Jane
Eva,Faith,Eva
Alice,Beatrice,Beatrice
Alice,Candice,Candice
Beatrice,Eva,Eva
Jane,Helen,Helen
Candice,Helen,Helen
Diana,Beatrice,Beatrice
Beatrice,Eva,Beatrice
Helen,Beatrice,Beatrice
Beatrice,Diana,Beatrice
Faith,Alice,Alice
Eva,Helen,Eva
Alice,Jane,Jane
Gloria,Alice,Alice
Alice,Ingrid,Alice
Gloria,Helen,Helen
Beatrice,Ingrid,Ingrid
Eva,Alice,Eva
Beatrice,Candice,Beatrice
Candice,Eva,Eva
Candice,Alice,Candice
Faith,Diana,Faith
Diana,Faith,Diana
Candice,Jane,Jane
Ingrid,Faith,Ingrid
Candice,Eva,Eva
Alice,Faith,Faith
Helen,Alice,Helen
Diana,Ingrid,Ingrid
Faith,Jane,Jane
Ingrid,Diana,Ingrid
Gloria,Helen,Helen
Ingrid,Alice,Ingrid
Ingrid,Diana,Ingrid
Beatrice,Faith,Beatrice
Helen,Faith,Helen
Faith,Eva,Eva
Helen,Diana,Helen
Helen,Beatrice,Beatrice
Gloria,Candice,Gloria
Alice,Faith,Alice
Jane,Candice,Jane
Faith,Jane,Jane
Gloria,Helen,Helen
Alice,Helen,Alice
Beatrice,Jane,Beatrice
Beatrice,Alice,Beatrice
Gloria,Beatrice,Beatrice
Gloria,Beatrice,Beatrice
Eva,Candice,Eva
Diana,Helen,Helen
Diana,Alice,Alice
Beatrice,Gloria,Beatrice
Jane,Beatrice,Jane
Eva,Candice,Candice
Jane,Ingrid,Ingrid
Diana,Gloria,Gloria
Alice,Gloria,Alice
Ingrid,Helen,Helen
Alice,Helen,Helen
Helen,Gloria,Helen
Diana,Candice,Candice
Gloria,Beatrice,Beatrice
Faith,Ingrid,Ingrid
Beatrice,Diana,Beatrice
Jane,Alice,Jane
Eva,Faith,Eva
Gloria,Jane,Jane
Candice,Helen,Candice
Jane,Eva,Jane
Ingrid,Jane,Jane
Alice,Gloria,Gloria
Eva,Diana,Eva
Helen,Ingrid,Helen
Alice,Faith,Faith
Faith,Ingrid,Ingrid
Eva,Gloria,Eva
Beatrice,Helen,Beatrice
Diana,Eva,Eva
Gloria,Diana,Gloria
Candice,Alice,Candice
Diana,Ingrid,Ingrid
Jane,Alice,Jane
Beatrice,Helen,Beatrice
Alice,Candice,Candice
Gloria,Alice,Gloria
Helen,Diana,Helen
Faith,Eva,Eva
Diana,Gloria,Diana
Beatrice,Ingrid,Beatrice
Eva,Diana,Eva
Diana,Beatrice,Beatrice
Eva,Helen,Eva
Jane,Beatrice,Jane
Faith,Gloria,Gloria
Candice,Ingrid,Ingrid
Gloria,Alice,Alice
Ingrid,Candice,Ingrid
Jane,Beatrice,Jane
Jane,Ingrid,Jane
Eva,Ingrid,Eva
Faith,Gloria,Gloria
Jane,Beatrice,Jane
Faith,Beatrice,Beatrice
Helen,Beatrice,Beatrice
Helen,Alice,Helen
Faith,Diana,Diana
Ingrid,Diana,Ingrid
Alice,Helen,Helen
Beatrice,Jane,Beatrice
Faith,Eva,Eva
Alice,Candice,Candice
Helen,Diana,Helen
Gloria,Candice,Candice
Diana,Helen,Helen
Ingrid,Alice,Ingrid
Alice,Faith,Alice
Faith,Helen,Helen
Ingrid,Diana,Ingrid
Gloria,Helen,Helen
Ingrid,Helen,Helen
Candice,Helen,Helen
Jane,Diana,Jane
Eva,Beatrice,Beatrice
Faith,Jane,Jane
Candice,Faith,Candice
Helen,Gloria,Helen
Faith,Alice,Alice
Gloria,Candice,Candice
Jane,Alice,Jane
Diana,Beatrice,Beatrice
Diana,Candice,Candice
Jane,Eva,Jane
Beatrice,Ingrid,Beatrice
Jane,Gloria,Jane
Alice,Gloria,Alice
Alice,Helen,Helen
Eva,Alice,Eva
Ingrid,Faith,Ingrid
Beatrice,Faith,Beatrice
Candice,Ingrid,Candice
Diana,Gloria,Gloria
Beatrice,Gloria,Beatrice
Jane,Gloria,Jane
Alice,Beatrice,Beatrice
Jane,Alice,Jane
Gloria,Jane,Jane
Diana,Ingrid,Ingrid
Faith,Alice,Alice
Diana,Beatrice,Beatrice
Beatrice,Jane,Beatrice
Candice,Beatrice,Beatrice
Helen,Faith,Helen
Jane,Gloria,Jane
Alice,Diana,Diana
Alice,Helen,Helen
Helen,Candice,Candice
Ingrid,Diana,Diana
Candice,Helen,Helen
Helen,Faith,Helen
Alice,Eva,Eva
Ingrid,Eva,Eva
Alice,Eva,Eva
Gloria,Faith,Faith
Gloria,Diana,Diana
Candice,Eva,Eva
Faith,Eva,Eva
Beatrice,Jane,Jane
Candice,Helen,Helen
Gloria,Alice,Gloria
Helen,Faith,Helen
Candice,Diana,Candice
Eva,Helen,Eva
Gloria,Alice,Gloria
Ingrid,Beatrice,Beatrice
Helen,Faith,Helen
Eva,Jane,Eva
Ingrid,Faith,Ingrid
Ingrid,Beatrice,Beatrice
Beatrice,Diana,Beatrice
Jane,Beatrice,Beatrice
Faith,Beatrice,Faith
Helen,Beatrice,Beatrice
Ingrid,Jane,Jane
Faith,Gloria,Gloria
Gloria,Eva,Eva
Beatrice,Ingrid,Beatrice
Ingrid,Alice,Alice
Faith,Gloria,Faith
Helen,Gloria,Helen
Alice,Eva,Eva
Diana,Faith,Diana
Candice,Faith,Candice
Eva,Helen,Helen
Alice,Gloria,Alice
Beatrice,Eva,Beatrice
Helen,Alice,Helen
Helen,Gloria,Helen
Faith,Diana,Diana
Diana,Jane,Jane
Alice,Gloria,Alice
Jane,Eva,Eva
Candice,Alice,Alice
Jane,Eva,Jane
Faith,Jane,Jane
Helen,Gloria,Helen
Alice,Gloria,Alice
Diana,Alice,Diana
Eva,Diana,Eva
Helen,Ingrid,Ingrid
Diana,Gloria,Diana
Faith,Diana,Faith
Helen,Jane,Jane
Ingrid,Candice,Candice
Faith,Helen,Helen
Alice,Beatrice,Beatrice
Faith,Helen,Helen
Beatrice,Diana,Beatrice
Diana,Faith,Faith
Gloria,Jane,Jane
Gloria,Jane,Jane
Beatrice,Jane,Beatrice
Diana,Gloria,Diana
Alice,Gloria,Alice
Eva,Candice,Eva
Alice,Beatrice,Beatrice
Diana,Alice,Alice
Jane,Gloria,Jane
Ingrid,Diana,Diana
Diana,Ingrid,Diana
Gloria,Diana,Gloria
Ingrid,Diana,Ingrid
Eva,Beatrice,Beatrice
Candice,Ingrid,Candice
Eva,Ingrid,Eva
Faith,Jane,Jane
Faith,Alice,Alice
Ingrid,Candice,Candice
Eva,Jane,Jane
Gloria,Alice,Alice
Ingrid,Helen,Helen
Faith,Gloria,Gloria
Jane,Ingrid,Jane
Diana,Faith,Diana
Alice,Diana,Alice
Helen,Faith,Helen
Gloria,Jane,Jane
Jane,Diana,Jane
Diana,Jane,Diana
Jane,Candice,Jane
Diana,Beatrice,Beatrice
Ingrid,Diana,Ingrid
Beatrice,Alice,Beatrice
Ingrid,Faith,Faith
Jane,Faith,Jane
Ingrid,Candice,Candice
Helen,Candice,Helen
Jane,Alice,Jane
Candice,Alice,Alice
Gloria,Eva,Eva
Helen,Alice,Helen
Alice,Candice,Alice
Faith,Eva,Eva
Gloria,Faith,Gloria
Beatrice,Helen,Beatrice
Diana,Eva,Eva
Ingrid,Helen,Helen
Gloria,Eva,Eva
Beatrice,Gloria,Beatrice
Jane,Gloria,Jane
Eva,Gloria,Eva
Gloria,Candice,Candice
Helen,Beatrice,Beatrice
Diana,Ingrid,Ingrid
Beatrice,Helen,Helen
Beatrice,Helen,Beatrice
Alice,Gloria,Gloria
Beatrice,Candice,Beatrice
Candice,Diana,Candice
Alice,Gloria,Gloria
Beatrice,Ingrid,Beatrice
Beatrice,Jane,Beatrice
Candice,Helen,Helen
Faith,Jane,Jane
Candice,Faith,Candice
Diana,Jane,Jane
Helen,Eva,Helen
Jane,Helen,Helen
Candice,Helen,Candice
Diana,Faith,Diana
Faith,Gloria,Faith
Eva,Diana,Eva
Ingrid,Jane,Jane
Jane,Faith,Jane
Eva,Ingrid,Ingrid
Faith,Eva,Eva
Beatrice,Ingrid,Beatrice
Helen,Gloria,Helen
Gloria,Alice,Alice
Eva,Jane,Eva
Faith,Eva,Eva
Jane,Faith,Jane
Candice,Diana,Candice
Gloria,Faith,Gloria
Beatrice,Ingrid,Beatrice
Eva,Diana,Eva
Alice,Ingrid,Ingrid
Ingrid,Diana,Diana
Faith,Jane,Jane
Beatrice,Ingrid,Beatrice
Helen,Ingrid,Helen
Helen,Gloria,Helen
Gloria,Jane,Gloria
Candice,Alice,Alice
Jane,Faith,Jane
Eva,Alice,Eva
Jane,Ingrid,Jane
Eva,Alice,Eva
Diana,Jane,Jane
Ingrid,Candice,Ingrid
Gloria,Candice,Candice
Diana,Jane,Jane
Alice,Eva,Eva
Ingrid,Candice,Candice
Ingrid,Helen,Helen
Diana,Jane,Jane
Beatrice,Gloria,Beatrice
Faith,Ingrid,Faith
Diana,Alice,Alice
Jane,Faith,Jane
Beatrice,Diana,Beatrice
Jane,Diana,Jane
Faith,Gloria,Faith
Eva,Diana,Eva
Jane,Ingrid,Jane
Candice,Beatrice,Candice
Candice,Ingrid,Ingrid
Candice,Alice,Candice
Gloria,Eva,Eva
Eva,Diana,Eva
Ingrid,Candice,Candice
Helen,Eva,Eva
Alice,Helen,Helen
Beatrice,Faith,Beatrice
Eva,Diana,Eva
Jane,Alice,Alice
Ingrid,Helen,Helen
Gloria,Jane,Jane
Alice,Faith,Alice
Jane,Ingrid,Jane
Jane,Eva,Eva
Candice,Jane,Candice
Jane,Faith,Jane
Helen,Candice,Candice
Alice,Faith,Alice
Diana,Gloria,Diana
Diana,Beatrice,Beatrice
Faith,Helen,Helen
Eva,Ingrid,Eva
Jane,Eva,Eva
Diana,Candice,Diana
Eva,Beatrice,Beatrice
Ingrid,Faith,Ingrid
Eva,Ingrid,Eva
Faith,Candice,Candice
Helen,Ingrid,Helen
Eva,Gloria,Eva
Candice,Alice,Candice
Faith,Gloria,Gloria
Alice,Eva,Eva
Eva,Helen,Helen
Faith,Helen,Helen
Diana,Helen,Helen
Gloria,Alice,Alice
Helen,Faith,Helen
Beatrice,Helen,Helen
Beatrice,Ingrid,Ingrid
Eva,Gloria,Eva
Diana,Alice,Alice
Candice,Gloria,Gloria
Diana,Eva,Diana
Diana,Alice,Diana
Jane,Beatrice,Beatrice
Diana,Beatrice,Beatrice
Beatrice,Eva,Eva
Jane,Eva,Eva
Helen,Beatrice,Beatrice
Diana,Beatrice,Beatrice
Gloria,Beatrice,Beatrice
Eva,Helen,Eva
Jane,Helen,Helen
Alice,Jane,Jane
Diana,Jane,Jane
Beatrice,Eva,Eva
Jane,Alice,Jane
Gloria,Alice,Alice
Eva,Jane,Eva
Jane,Helen,Jane
Helen,Eva,Eva
Alice,Faith,Alice
Ingrid,Eva,Ingrid
Jane,Eva,Jane
Candice,Ingrid,Ingrid
Ingrid,Helen,Helen
Ingrid,Faith,Ingrid
Candice,Ingrid,Candice
Eva,Diana,Diana
Alice,Eva,Eva
Candice,Ingrid,Candice
Ingrid,Candice,Ingrid
Alice,Helen,Helen
Candice,Alice,Alice
Faith,Diana,Diana
Jane,Candice,Candice
Diana,Ingrid,Ingrid
Helen,Ingrid,Helen
Beatrice,Gloria,Beatrice
Candice,Eva,Candice
Jane,Ingrid,Jane
Jane,Helen,Jane
Alice,Beatrice,Beatrice
Candice,Ingrid,Candice
Faith,Helen,Helen
Candice,Beatrice,Candice
Alice,Eva,Eva
Eva,Ingrid,Eva
Diana,Candice,Candice
Helen,Faith,Helen
Candice,Jane,Jane
Gloria,Helen,Helen
Eva,Jane,Jane
Faith,Jane,Jane
Helen,Beatrice,Beatrice
Beatrice,Eva,Eva
Eva,Faith,Eva
Ingrid,Jane,Jane
Alice,Eva,Eva
Diana,Gloria,Gloria
Eva,Gloria,Eva
Faith,Alice,Alice
Helen,Jane,Jane
Ingrid,Helen,Helen
Ingrid,Eva,Eva
Diana,Candice,Diana
Beatrice,Alice,Beatrice
Jane,Alice,Jane
Ingrid,Diana,Ingrid
Ingrid,Jane,Jane
Helen,Jane,Helen
Faith,Gloria,Gloria
Candice,Gloria,Gloria
Candice,Helen,Helen
Helen,Ingrid,Helen
Jane,Beatrice,Jane
Alice,Eva,Eva
Helen,Ingrid,Helen
Eva,Helen,Eva
Beatrice,Jane,Beatrice
Faith,Gloria,Faith
Candice,Ingrid,Ingrid
Alice,Diana,Alice
Helen,Alice,Alice
Beatrice,Helen,Helen
Alice,Candice,Candice
Alice,Candice,Candice
Candice,Jane,Jane
Eva,Diana,Eva
Jane,Gloria,Jane
Faith,Candice,Candice
Gloria,Jane,Jane
Gloria,Beatrice,Beatrice
Eva,Helen,Helen
Helen,Gloria,Helen
Alice,Jane,Jane
Eva,Faith,Eva
Candice,Helen,Helen
Jane,Diana,Jane
Beatrice,Alice,Beatrice
Beatrice,Gloria,Beatrice
Eva,Jane,Jane
Alice,Beatrice,Beatrice
Helen,Gloria,Helen
Jane,Eva,Eva
Ingrid,Jane,Jane
Gloria,Faith,Faith
Alice,Faith,Alice
Alice,Faith,Alice
Gloria,Alice,Alice
Alice,Beatrice,Beatrice
Ingrid,Beatrice,Beatrice
Eva,Gloria,Eva
Gloria,Candice,Candice
Gloria,Faith,Faith
Faith,Ingrid,Ingrid
Jane,Beatrice,Beatrice
Candice,Diana,Candice
Beatrice,Gloria,Beatrice
Diana,Eva,Eva
Alice,Gloria,Gloria
Helen,Ingrid,Helen
Jane,Alice,Jane
Diana,Gloria,Diana
Faith,Alice,Alice
Ingrid,Candice,Ingrid
Alice,Ingrid,Ingrid
Eva,Alice,Eva
Beatrice,Jane,Jane
Alice,Beatrice,Beatrice
Candice,Helen,Helen
Ingrid,Diana,Diana
Alice,Diana,Alice
Beatrice,Jane,Jane
Jane,Ingrid,Jane
Ingrid,Jane,Ingrid
Candice,Gloria,Candice
Alice,Beatrice,Alice
Alice,Diana,Diana
Diana,Faith,Diana
Helen,Ingrid,Helen
Faith,Alice,Alice
Ingrid,Helen,Helen
Diana,Jane,Jane
Diana,Faith,Diana
Faith,Beatrice,Beatrice
Diana,Beatrice,Beatrice
Ingrid,Beatrice,Beatrice
Jane,Helen,Jane
Jane,Eva,Eva
Helen,Candice,Helen
Gloria,Diana,Diana
Diana,Eva,Eva
Eva,Helen,Eva
Ingrid,Beatrice,Beatrice
Helen,Candice,Helen
Gloria,Helen,Helen
Gloria,Faith,Gloria
Beatrice,Eva,Eva
Beatrice,Diana,Beatrice
Gloria,Eva,Eva
Diana,Candice,Candice
Diana,Helen,Helen
Ingrid,Diana,Ingrid
Faith,Eva,Eva
Diana,Gloria,Gloria
Eva,Helen,Helen
Jane,Candice,Jane
Helen,Candice,Helen
Beatrice,Eva,Eva
Beatrice,Gloria,Beatrice
Jane,Ingrid,Ingrid
Candice,Helen,Helen
Eva,Jane,Jane
Helen,Jane,Helen
Gloria,Diana,Diana
Candice,Beatrice,Beatrice
Candice,Jane,Jane
Diana,Alice,Alice
Eva,Candice,Eva
Faith,Jane,Jane
Alice,Gloria,Alice
Beatrice,Faith,Beatrice
Jane,Diana,Jane
Candice,Ingrid,Ingrid
Eva,Helen,Eva
Beatrice,Diana,Beatrice
Jane,Ingrid,Jane
Faith,Eva,Eva
Beatrice,Jane,Jane
Eva,Faith,Eva
Ingrid,Alice,Ingrid
Candice,Eva,Eva
Beatrice,Ingrid,Beatrice
Faith,Eva,Eva
Eva,Faith,Eva
Candice,Gloria,Candice
Faith,Eva,Faith
Beatrice,Jane,Beatrice
Jane,Gloria,Jane
Ingrid,Alice,Alice
Beatrice,Helen,Beatrice
Ingrid,Candice,Ingrid
Helen,Beatrice,Helen
Alice,Diana,Alice
Eva,Gloria,Eva
Alice,Diana,Alice
Faith,Gloria,Gloria
Diana,Candice,Candice
Faith,Ingrid,Faith
Eva,Jane,Eva
Candice,Gloria,Gloria
Beatrice,Diana,Beatrice
Faith,Beatrice,Beatrice
Faith,Ingrid,Ingrid
Jane,Diana,Jane
Ingrid,Diana,Ingrid
Candice,Beatrice,Beatrice
Ingrid,Diana,Ingrid
Alice,Helen,Helen
Ingrid,Helen,Helen
Faith,Jane,Jane
Candice,Jane,Jane
Candice,Eva,Eva
Eva,Beatrice,Beatrice
Gloria,Beatrice,Beatrice
Eva,Jane,Eva
Faith,Alice,Alice
Diana,Helen,Helen
Jane,Candice,Jane
Jane,Alice,Jane
Ingrid,Faith,Ingrid
Faith,Jane,Jane
Eva,Jane,Jane
Beatrice,Alice,Beatrice
Ingrid,Diana,Ingrid
Gloria,Jane,Jane
Jane,Gloria,Jane
Candice,Faith,Candice
Ingrid,Eva,Eva
Candice,Ingrid,Ingrid
Eva,Helen,Eva
Eva,Alice,Eva
Jane,Alice,Jane
Beatrice,Faith,Beatrice
Ingrid,Helen,Helen
Eva,Helen,Eva
Gloria,Helen,Helen
Jane,Diana,Jane
Eva,Jane,Jane
Candice,Beatrice,Beatrice
Jane,Eva,Jane
Diana,Helen,Helen
Beatrice,Faith,Beatrice
Ingrid,Candice,Candice
Diana,Candice,Candice
Alice,Ingrid,Ingrid
Eva,Beatrice,Eva
Candice,Helen,Candice
Eva,Ingrid,Eva
Gloria,Candice,Candice
Jane,Gloria,Jane
Candice,Jane,Jane
Candice,Ingrid,Candice
Jane,Faith,Jane
Beatrice,Candice,Candice
Eva,Alice,Eva
Beatrice,Alice,Beatrice
Faith,Candice,Candice
Candice,Beatrice,Beatrice
Eva,Helen,Eva
Faith,Candice,Candice
Eva,Jane,Jane
Beatrice,Diana,Beatrice
Candice,Beatrice,Beatrice
Ingrid,Faith,Ingrid
Helen,Eva,Helen
Helen,Jane,Helen
Eva,Jane,Eva
Ingrid,Beatrice,Beatrice
Beatrice,Helen,Helen
Diana,Alice,Alice
Eva,Diana,Eva
Faith,Helen,Helen
Gloria,Faith,Gloria
Alice,Diana,Alice
Jane,Beatrice,Jane
Candice,Gloria,Candice
Beatrice,Diana,Beatrice
Jane,Alice,Jane
Faith,Alice,Alice
Beatrice,Gloria,Beatrice
Eva,Diana,Eva
Eva,Alice,Eva
Jane,Helen,Jane
Gloria,Alice,Gloria
Eva,Beatrice,Eva
Candice,Helen,Helen
Ingrid,Diana,Ingrid
Faith,Beatrice,Beatrice
Eva,Gloria,Eva
Alice,Faith,Faith
Candice,Faith,Candice
Jane,Eva,Eva
Helen,Candice,Helen
Beatrice,Ingrid,Ingrid
Diana,Helen,Helen
Candice,Jane,Candice
Faith,Alice,Alice
Jane,Beatrice,Beatrice
Alice,Eva,Alice
Candice,Faith,Candice
Alice,Jane,Jane
Diana,Faith,Faith
Beatrice,Faith,Beatrice
Faith,Eva,Eva
Beatrice,Helen,Beatrice
Eva,Beatrice,Eva
Eva,Ingrid,Eva
Ingrid,Jane,Jane
Diana,Eva,Eva
Jane,Faith,Jane
Faith,Candice,Faith
Ingrid,Eva,Eva
Gloria,Faith,Gloria
Helen,Eva,Eva
Faith,Eva,Eva
Helen,Gloria,Helen
Beatrice,Jane,Beatrice
Ingrid,Diana,Ingrid
Candice,Eva,Eva
Alice,Ingrid,Ingrid
Faith,Helen,Helen
Alice,Ingrid,Ingrid
Faith,Eva,Eva
Candice,Alice,Alice
Gloria,Faith,Gloria
Beatrice,Alice,Beatrice
Beatrice,Gloria,Beatrice
Eva,Faith,Eva
Jane,Helen,Helen
Ingrid,Candice,Candice
Beatrice,Faith,Beatrice
Faith,Gloria,Gloria
Eva,Gloria,Eva
Alice,Beatrice,Beatrice
Candice,Ingrid,Candice
Faith,Gloria,Faith
Faith,Alice,Alice
Helen,Faith,Helen
Ingrid,Alice,Ingrid
Helen,Jane,Helen
Diana,Faith,Faith
Diana,Ingrid,Diana
Diana,Beatrice,Beatrice
Beatrice,Diana,Beatrice
Ingrid,Jane,Jane
Ingrid,Candice,Ingrid
Gloria,Faith,Faith
Ingrid,Jane,Jane
Jane,Alice,Jane
Alice,Helen,Helen
Diana,Ingrid,Ingrid
Faith,Diana,Diana
Alice,Jane,Jane
Helen,Beatrice,Beatrice
Gloria,Faith,Gloria
Alice,Faith,Alice
Faith,Gloria,Gloria
Ingrid,Jane,Jane
Helen,Eva,Helen
Faith,Jane,Jane
Eva,Candice,Eva
Alice,Ingrid,Alice
Helen,Alice,Helen
Diana,Beatrice,Beatrice
Alice,Beatrice,Alice
Beatrice,Helen,Beatrice
Helen,Ingrid,Helen
Ingrid,Alice,Alice
Faith,Alice,Alice
Jane,Ingrid,Jane
Diana,Alice,Alice
Alice,Eva,Eva
Diana,Faith,Faith
Jane,Alice,Jane
Beatrice,Diana,Beatrice
Beatrice,Diana,Beatrice
Jane,Candice,Candice
Faith,Ingrid,Ingrid
Gloria,Helen,Helen
Beatrice,Jane,Jane
Beatrice,Faith,Beatrice
Faith,Diana,Diana
Faith,Candice,Candice
Eva,Jane,Jane
Beatrice,Helen,Helen
Diana,Ingrid,Ingrid
Alice,Diana,Diana
Diana,Candice,Candice
Alice,Jane,Jane
Helen,Gloria,Helen
Alice,Faith,Alice
Ingrid,Alice,Alice
Candice,Diana,Candice
Eva,Diana,Eva
Helen,Faith,Helen
Alice,Ingrid,Alice
Helen,Candice,Helen
Beatrice,Faith,Beatrice
Eva,Helen,Eva
Alice,Gloria,Alice
Beatrice,Jane,Jane
Alice,Helen,Helen
Alice,Eva,Eva
Ingrid,Candice,Candice
Ingrid,Alice,Ingrid
Gloria,Eva,Eva
Jane,Alice,Jane
Candice,Alice,Alice
Gloria,Jane,Jane
Ingrid,Diana,Ingrid
Alice,Gloria,Alice
Jane,Alice,Jane
Gloria,Eva,Eva
Candice,Diana,Candice
Ingrid,Diana,Ingrid
Faith,Helen,Helen
Ingrid,Alice,Alice
Faith,Gloria,Faith
Candice,Eva,Eva
Eva,Ingrid,Eva
Eva,Helen,Helen
Alice,Diana,Alice
Helen,Eva,Eva
Candice,Helen,Helen
Faith,Gloria,Faith
Alice,Faith,Alice
Alice,Jane,Jane
Helen,Candice,Helen
Ingrid,Helen,Helen
Diana,Ingrid,Ingrid
Alice,Gloria,Gloria
Diana,Beatrice,Beatrice
Gloria,Jane,Jane
Faith,Ingrid,Ingrid
Gloria,Faith,Gloria
Jane,Helen,Jane
Alice,Jane,Jane
Gloria,Beatrice,Gloria
Beatrice,Gloria,Beatrice
Ingrid,Faith,Faith
Candice,Faith,Candice
Alice,Ingrid,Ingrid
Helen,Diana,Helen
Alice,Eva,Eva
Alice,Ingrid,Ingrid
Jane,Diana,Jane
Beatrice,Helen,Helen
Ingrid,Helen,Ingrid
Beatrice,Ingrid,Ingrid
Ingrid,Diana,Ingrid
Diana,Candice,Diana
Helen,Diana,Helen
Helen,Faith,Helen
Beatrice,Jane,Jane
Alice,Faith,Alice
Gloria,Candice,Candice
Alice,Beatrice,Beatrice
Candice,Diana,Diana
Alice,Eva,Eva
Candice,Helen,Helen
Diana,Gloria,Gloria
Beatrice,Diana,Beatrice
Beatrice,Alice,Beatrice
Candice,Ingrid,Ingrid
Eva,Faith,Eva
Faith,Beatrice,Beatrice
Candice,Alice,Candice
Diana,Faith,Diana
Candice,Helen,Helen
Helen,Alice,Helen
Beatrice,Eva,Beatrice
Eva,Candice,Eva
Alice,Candice,Candice
Beatrice,Jane,Beatrice
Helen,Faith,Helen
Candice,Helen,Helen
Ingrid,Diana,Ingrid
Gloria,Beatrice,Gloria
Diana,Beatrice,Beatrice
Jane,Diana,Jane
Ingrid,Helen,Helen
Eva,Beatrice,Eva
Diana,Jane,Jane
Helen,Eva,Helen
Eva,Faith,Eva
Alice,Ingrid,Ingrid
Diana,Candice,Candice
Jane,Ingrid,Ingrid
Eva,Jane,Eva
Beatrice,Eva,Beatrice
Helen,Eva,Helen
Faith,Alice,Faith
Eva,Ingrid,Eva
Eva,Gloria,Eva
Faith,Candice,Candice
Helen,Candice,Helen
Beatrice,Jane,Beatrice
Ingrid,Eva,Eva
Candice,Helen,Helen
Eva,Jane,Eva
Eva,Diana,Eva
Candice,Beatrice,Beatrice
Alice,Helen,Helen
Alice,Diana,Alice
Helen,Beatrice,Beatrice
Gloria,Jane,Jane
Candice,Ingrid,Candice
Beatrice,Helen,Beatrice
Candice,Helen,Helen
Alice,Gloria,Alice
Eva,Candice,Eva
Jane,Alice,Alice
Diana,Alice,Alice
Jane,Alice,Jane
Beatrice,Diana,Beatrice
Alice,Faith,Alice
Gloria,Beatrice,Beatrice
Beatrice,Ingrid,Beatrice
Diana,Beatrice,Beatrice
Faith,Beatrice,Faith
Ingrid,Candice,Candice
Beatrice,Eva,Beatrice
Beatrice,Diana,Beatrice
Jane,Eva,Eva
Beatrice,Faith,Beatrice
Eva,Helen,Eva
Helen,Ingrid,Helen
Candice,Beatrice,Beatrice
Alice,Helen,Alice
Beatrice,Helen,Beatrice
Beatrice,Ingrid,Beatrice
Helen,Ingrid,Helen
Diana,Helen,Helen
Diana,Helen,Helen
Diana,Gloria,Gloria
Candice,Ingrid,Ingrid
Beatrice,Eva,Eva
Faith,Jane,Faith
Helen,Beatrice,Beatrice
Diana,Alice,Diana
Beatrice,Candice,Candice
Faith,Diana,Diana
Helen,Eva,Eva
Gloria,Diana,Gloria
Beatrice,Jane,Beatrice
Beatrice,Eva,Beatrice
Candice,Eva,Eva
Jane,Candice,Candice
Jane,Helen,Jane
Ingrid,Helen,Helen
Gloria,Diana,Diana
Faith,Eva,Eva
Eva,Ingrid,Eva
Jane,Helen,Jane
Alice,Candice,Alice
Diana,Beatrice,Beatrice
Diana,Helen,Helen
Gloria,Diana,Diana
Jane,Ingrid,Jane
Faith,Eva,Eva
Faith,Jane,Jane
Ingrid,Alice,Alice
Beatrice,Alice,Beatrice
Gloria,Helen,Helen
Eva,Gloria,Eva
Candice,Beatrice,Beatrice
Helen,Beatrice,Beatrice
Gloria,Candice,Candice
Ingrid,Beatrice,Ingrid
Diana,Helen,Helen
Candice,Alice,Candice
Ingrid,Eva,Ingrid
Gloria,Candice,Candice
Gloria,Jane,Jane
Ingrid,Alice,Ingrid
Jane,Diana,Jane
Faith,Diana,Faith
Candice,Jane,Jane
Gloria,Candice,Candice
Candice,Eva,Candice
Diana,Alice,Diana
Eva,Ingrid,Eva
Candice,Alice,Candice
Candice,Jane,Jane
Beatrice,Jane,Jane
Helen,Gloria,Helen
Eva,Jane,Eva
Beatrice,Gloria,Beatrice
Eva,Helen,Eva
Jane,Faith,Jane
Alice,Jane,Jane
Gloria,Diana,Diana
Jane,Diana,Jane
Gloria,Beatrice,Beatrice
Candice,Helen,Helen
Ingrid,Helen,Helen
Beatrice,Ingrid,Beatrice
Eva,Ingrid,Eva
Jane,Alice,Jane
Helen,Candice,Helen
Ingrid,Eva,Eva
Beatrice,Ingrid,Beatrice
Helen,Ingrid,Helen
Helen,Jane,Helen
Faith,Diana,Diana
Alice,Jane,Jane
Beatrice,Jane,Jane
Faith,Eva,Eva
Gloria,Diana,Diana
Alice,Ingrid,Alice
Faith,Eva,Eva
Candice,Jane,Jane
Alice,Beatrice,Beatrice
Diana,Eva,Eva
Ingrid,Beatrice,Ingrid
Helen,Gloria,Helen
Alice,Eva,Eva
Alice,Eva,Alice
Beatrice,Ingrid,Beatrice
Helen,Eva,Helen
Ingrid,Candice,Ingrid
Helen,Beatrice,Helen
Faith,Alice,Alice
Alice,Gloria,Gloria
Jane,Faith,Jane
Diana,Gloria,Gloria
Diana,Gloria,Diana
Jane,Helen,Jane
Gloria,Helen,Helen
Alice,Jane,Jane
Diana,Faith,Faith
Jane,Diana,Jane
Gloria,Diana,Diana
Ingrid,Helen,Helen
Gloria,Eva,Eva
Jane,Candice,Jane
Ingrid,Beatrice,Ingrid
Candice,Alice,Alice
Helen,Diana,Helen
Jane,Faith,Jane
Jane,Gloria,Jane
Eva,Jane,Jane
Candice,Alice,Candice
Alice,Helen,Helen
Gloria,Jane,Jane
Beatrice,Jane,Jane
Jane,Diana,Jane
Faith,Jane,Jane
Beatrice,Alice,Alice
Diana,Candice,Diana
Ingrid,Eva,Eva
Diana,Jane,Jane
Candice,Jane,Jane
Eva,Helen,Eva
Helen,Eva,Helen
Alice,Gloria,Gloria
Beatrice,Ingrid,Beatrice
Eva,Helen,Helen
Alice,Helen,Helen
Gloria,Helen,Helen
Beatrice,Alice,Beatrice
Candice,Eva,Eva
Jane,Diana,Jane
Gloria,Candice,Candice
Diana,Ingrid,Ingrid
Beatrice,Ingrid,Beatrice
Candice,Jane,Jane
Diana,Alice,Alice
Beatrice,Diana,Beatrice
Jane,Faith,Jane
Beatrice,Gloria,Beatrice
Faith,Candice,Candice
Eva,Faith,Eva
Faith,Diana,Faith
Beatrice,Helen,Helen
Eva,Diana,Eva
Alice,Beatrice,Beatrice
Jane,Gloria,Jane
Gloria,Alice,Alice
Diana,Helen,Helen
Alice,Candice,Candice
Helen,Ingrid,Helen
Eva,Faith,Eva
Gloria,Jane,Jane
Helen,Alice,Helen
Alice,Helen,Helen
Helen,Faith,Helen
Faith,Beatrice,Beatrice
Candice,Diana,Candice
Eva,Alice,Alice
Helen,Alice,Helen
Beatrice,Candice,Beatrice
Candice,Gloria,Gloria
Helen,Jane,Jane
Ingrid,Candice,Ingrid
Helen,Alice,Helen
Candice,Gloria,Candice
Beatrice,Helen,Helen
Helen,Jane,Helen
Jane,Eva,Eva
Eva,Candice,Eva
Faith,Helen,Helen
Alice,Gloria,Alice
Ingrid,Diana,Ingrid
Faith,Alice,Faith
Diana,Candice,Candice
Alice,Ingrid,Ingrid
Candice,Diana,Candice
Alice,Ingrid,Ingrid
Candice,Ingrid,Candice
Helen,Candice,Helen
Faith,Eva,Eva
Helen,Gloria,Helen
Faith,Helen,Helen
Eva,Jane,Eva
Alice,Eva,Alice
Alice,Diana,Diana
Ingrid,Jane,Jane
Jane,Faith,Jane
Helen,Candice,Helen
Eva,Alice,Eva
Helen,Ingrid,Helen
Alice,Candice,Alice
Jane,Candice,Jane
Ingrid,Jane,Jane
Gloria,Diana,Gloria
Faith,Ingrid,Ingrid
Jane,Ingrid,Jane
Beatrice,Jane,Jane
Faith,Ingrid,Faith
Faith,Ingrid,Ingrid
Alice,Jane,Jane
Candice,Faith,Candice
Beatrice,Ingrid,Beatrice
Helen,Eva,Eva
Ingrid,Helen,Helen
Helen,Diana,Helen
Alice,Helen,Helen
Diana,Gloria,Gloria
Alice,Diana,Diana
Ingrid,Jane,Jane
Eva,Faith,Eva
Jane,Gloria,Jane
Eva,Gloria,Eva
Helen,Ingrid,Helen
Diana,Eva,Eva
Alice,Beatrice,Alice
Candice,Faith,Candice
Helen,Faith,Helen
Faith,Alice,Faith
Eva,Ingrid,Eva
Helen,Alice,Alice
Helen,Eva,Helen
Ingrid,Diana,Ingrid
Candice,Jane,Jane
Eva,Candice,Eva
Beatrice,Helen,Helen
Beatrice,Eva,Eva
Beatrice,Alice,Beatrice
Eva,Jane,Eva
Alice,Candice,Candice
Alice,Diana,Alice
Faith,Helen,Faith
Candice,Beatrice,Beatrice
Eva,Beatrice,Eva
Diana,Jane,Jane
Candice,Eva,Eva
Candice,Gloria,Candice
Diana,Jane,Jane
Candice,Eva,Eva
Jane,Beatrice,Beatrice
Eva,Alice,Eva
Faith,Jane,Jane
Beatrice,Faith,Beatrice
Jane,Candice,Jane
Faith,Gloria,Gloria
Jane,Candice,Candice
Gloria,Jane,Jane
Gloria,Alice,Alice
Ingrid,Jane,Ingrid
Candice,Beatrice,Beatrice
Candice,Gloria,Gloria
Helen,Faith,Helen
Ingrid,Eva,Eva
Beatrice,Eva,Eva
Candice,Gloria,Candice
Helen,Alice,Helen
Alice,Jane,Jane
Jane,Candice,Jane
Helen,Alice,Helen
Diana,Alice,Diana
Gloria,Helen,Helen
Alice,Candice,Alice
Beatrice,Ingrid,Beatrice
Beatrice,Faith,Faith
Diana,Alice,Alice
Faith,Helen,Helen
Diana,Eva,Eva
Candice,Beatrice,Beatrice
Faith,Diana,Faith
Beatrice,Alice,Beatrice
Diana,Candice,Diana
Gloria,Eva,Eva
Diana,Ingrid,Ingrid
Jane,Diana,Jane
Gloria,Faith,Gloria
Gloria,Helen,Helen
Beatrice,Candice,Beatrice
Eva,Ingrid,Eva
Ingrid,Diana,Ingrid
Faith,Ingrid,Ingrid
Jane,Ingrid,Jane
Alice,Candice,Candice
Diana,Jane,Jane
Beatrice,Candice,Beatrice
Faith,Beatrice,Beatrice
Faith,Beatrice,Beatrice
Ingrid,Beatrice,Beatrice
Eva,Helen,Eva
Gloria,Beatrice,Beatrice
Faith,Ingrid,Ingrid
Faith,Candice,Candice
Helen,Diana,Helen
Gloria,Helen,Helen
Diana,Candice,Diana
Gloria,Beatrice,Beatrice
Ingrid,Faith,Ingrid
Faith,Gloria,Gloria
Ingrid,Diana,Ingrid
Diana,Beatrice,Beatrice
Jane,Helen,Helen
Candice,Helen,Helen
Diana,Jane,Jane
Jane,Helen,Jane
Eva,Diana,Eva
Eva,Candice,Candice
Gloria,Eva,Eva
Candice,Beatrice,Beatrice
Eva,Ingrid,Eva
Helen,Gloria,Helen
Jane,Ingrid,Jane
Eva,Faith,Eva
Gloria,Diana,Diana
Eva,Gloria,Eva
Eva,Alice,Eva
Beatrice,Alice,Beatrice
Eva,Helen,Eva
Diana,Faith,Faith
Beatrice,Jane,Beatrice
Jane,Eva,Eva
Eva,Candice,Eva
Gloria,Eva,Eva
Candice,Diana,Candice
Faith,Jane,Jane
Eva,Jane,Eva
Faith,Beatrice,Beatrice
Helen,Faith,Helen
Beatrice,Gloria,Beatrice
Candice,Faith,Candice
Helen,Ingrid,Ingrid
Faith,Helen,Helen
Alice,Eva,Eva
Jane,Gloria,Jane
Faith,Ingrid,Ingrid
Candice,Faith,Faith
Candice,Jane,Jane
Gloria,Faith,Gloria
Eva,Faith,Eva
Helen,Jane,Jane
Helen,Ingrid,Helen
Helen,Gloria,Gloria
Gloria,Diana,Gloria
Ingrid,Alice,Ingrid
Eva,Diana,Eva
Jane,Gloria,Jane
Jane,Gloria,Jane
Ingrid,Diana,Ingrid
Eva,Jane,Eva
Diana,Ingrid,Ingrid
Helen,Beatrice,Helen
Beatrice,Faith,Beatrice
Beatrice,Diana,Beatrice
Ingrid,Eva,Eva
Beatrice,Diana,Beatrice
Candice,Jane,Jane
Faith,Jane,Jane
Diana,Candice,Diana
Gloria,Candice,Candice
Gloria,Diana,Diana
Beatrice,Ingrid,Beatrice
Candice,Gloria,Candice
Jane,Eva,Eva
Faith,Alice,Alice
Eva,Diana,Eva
Helen,Candice,Helen
Jane,Alice,Jane
Candice,Gloria,Gloria
Gloria,Faith,Gloria
Gloria,Eva,Eva
Diana,Beatrice,Beatrice
Alice,Candice,Alice
Helen,Diana,Helen
Diana,Candice,Candice
Alice,Diana,Diana
Beatrice,Candice,Beatrice
Gloria,Faith,Gloria
Beatrice,Jane,Beatrice
Eva,Candice,Eva
Gloria,Alice,Alice
Ingrid,Candice,Ingrid
Jane,Candice,Jane
Faith,Helen,Helen
Candice,Helen,Helen
Gloria,Diana,Diana
Jane,Alice,Jane
Eva,Diana,Eva
Alice,Jane,Jane
Jane,Gloria,Jane
Beatrice,Ingrid,Ingrid
Faith,Helen,Helen
Gloria,Helen,Helen
Faith,Diana,Diana
Helen,Gloria,Helen
Eva,Jane,Eva
Diana,Gloria,Gloria
Alice,Helen,Helen
Diana,Eva,Eva
Gloria,Helen,Helen
Alice,Faith,Alice
Faith,Eva,Eva
Alice,Ingrid,Ingrid
Faith,Gloria,Faith
Diana,Helen,Helen
Beatrice,Ingrid,Beatrice
Eva,Ingrid,Eva
Eva,Beatrice,Eva
Alice,Beatrice,Alice
Alice,Ingrid,Ingrid
Candice,Alice,Candice
Eva,Helen,Eva
Alice,Gloria,Alice
Beatrice,Diana,Beatrice
Diana,Jane,Jane
Diana,Faith,Faith
Faith,Alice,Alice
Beatrice,Ingrid,Beatrice
Gloria,Eva,Eva
Diana,Eva,Eva
Helen,Beatrice,Beatrice
Candice,Diana,Candice
Gloria,Helen,Helen
Diana,Gloria,Diana
Alice,Eva,Eva
Ingrid,Helen,Helen
Jane,Faith,Jane
Beatrice,Candice,Beatrice
Gloria,Helen,Helen
Jane,Diana,Jane
Gloria,Faith,Gloria
Eva,Jane,Jane
Faith,Alice,Alice
Ingrid,Helen,Ingrid
Ingrid,Helen,Ingrid
Candice,Eva,Eva
Beatrice,Faith,Beatrice
Helen,Jane,Helen
Eva,Jane,Eva
Alice,Helen,Helen
Eva,Gloria,Eva
Gloria,Jane,Jane
Helen,Diana,Helen
Eva,Candice,Eva
Diana,Gloria,Diana
Ingrid,Eva,Eva
Eva,Beatrice,Beatrice
Gloria,Eva,Eva
Candice,Helen,Candice
Faith,Helen,Helen
Gloria,Alice,Alice
Ingrid,Faith,Ingrid
Diana,Jane,Jane
Diana,Beatrice,Beatrice
Eva,Ingrid,Eva
Eva,Gloria,Eva
Faith,Ingrid,Ingrid
Beatrice,Ingrid,Beatrice
Helen,Beatrice,Beatrice
Jane,Beatrice,Beatrice
Beatrice,Ingrid,Beatrice
Faith,Helen,Helen
Gloria,Diana,Diana
Eva,Alice,Alice
Beatrice,Eva,Eva
Faith,Beatrice,Beatrice
Beatrice,Diana,Beatrice
Candice,Jane,Candice
Alice,Diana,Diana
Helen,Candice,Candice
Eva,Gloria,Eva
Eva,Candice,Eva
Diana,Helen,Helen
Faith,Jane,Jane
Diana,Faith,Diana
Eva,Ingrid,Eva
Beatrice,Faith,Beatrice
Faith,Helen,Helen
Eva,Helen,Eva
Jane,Alice,Jane
Helen,Eva,Eva
Alice,Gloria,Alice
Ingrid,Jane,Jane
Faith,Alice,Alice
Eva,Faith,Eva
Beatrice,Alice,Beatrice
Faith,Gloria,Gloria
Alice,Beatrice,Alice
Diana,Alice,Alice
Jane,Gloria,Jane
Gloria,Faith,Gloria
Beatrice,Diana,Diana
Gloria,Candice,Candice
Helen,Diana,Helen
Diana,Alice,Alice
Faith,Ingrid,Ingrid
Gloria,Helen,Helen
Beatrice,Faith,Beatrice
Ingrid,Beatrice,Beatrice
Helen,Gloria,Helen
Faith,Eva,Eva
Faith,Beatrice,Beatrice
Faith,Helen,Helen
Gloria,Beatrice,Beatrice
Candice,Eva,Eva
Diana,Helen,Helen
Gloria,Jane,Jane
Eva,Diana,Eva
Alice,Eva,Eva
Helen,Ingrid,Helen
Eva,Beatrice,Beatrice
Helen,Gloria,Helen
Gloria,Helen,Helen
Ingrid,Candice,Ingrid
Ingrid,Jane,Jane
Eva,Faith,Eva
Gloria,Candice,Candice
Eva,Alice,Eva
Beatrice,Alice,Beatrice
Candice,Helen,Helen
Faith,Beatrice,Beatrice
Gloria,Eva,Eva
Candice,Helen,Helen
Helen,Diana,Helen
Jane,Ingrid,Ingrid
Beatrice,Gloria,Beatrice
Helen,Candice,Candice
Jane,Alice,Jane
Diana,Beatrice,Beatrice
Diana,Candice,Diana
Helen,Ingrid,Helen
Faith,Helen,Helen
Beatrice,Ingrid,Beatrice
Gloria,Helen,Helen
Beatrice,Candice,Beatrice
Eva,Helen,Eva
Helen,Beatrice,Helen
Alice,Beatrice,Beatrice
Candice,Eva,Candice
Gloria,Helen,Helen
Alice,Beatrice,Alice
Jane,Eva,Jane
Ingrid,Diana,Diana
Helen,Faith,Helen
Gloria,Beatrice,Beatrice
Gloria,Faith,Gloria
Jane,Ingrid,Jane
Alice,Gloria,Gloria
Gloria,Beatrice,Beatrice
Jane,Ingrid,Jane
Faith,Alice,Alice
Diana,Candice,Candice
Diana,Alice,Alice
Eva,Beatrice,Beatrice
Eva,Beatrice,Beatrice
Gloria,Faith,Faith
Faith,Eva,Eva
Ingrid,Candice,Candice
Eva,Diana,Eva
Alice,Gloria,Alice
Candice,Diana,Candice
Eva,Beatrice,Eva
Candice,Ingrid,Ingrid
Helen,Jane,Jane
Alice,Eva,Eva
Ingrid,Jane,Jane
Faith,Jane,Jane
Diana,Gloria,Diana
Candice,Jane,Jane
Eva,Helen,Eva
Gloria,Candice,Candice
Alice,Gloria,Alice
Eva,Beatrice,Eva
Alice,Ingrid,Ingrid
Alice,Ingrid,Ingrid
Beatrice,Helen,Helen
Candice,Jane,Jane
Gloria,Eva,Eva
Eva,Ingrid,Eva
Eva,Beatrice,Eva
Alice,Jane,Jane
Eva,Gloria,Eva
Ingrid,Diana,Ingrid
Jane,Ingrid,Jane
Helen,Candice,Helen
Helen,Ingrid,Helen
Jane,Ingrid,Ingrid
Helen,Ingrid,Helen
Helen,Ingrid,Helen
Diana,Alice,Alice
Alice,Beatrice,Beatrice
Helen,Candice,Helen
Ingrid,Beatrice,Beatrice
Ingrid,Diana,Ingrid
Alice,Ingrid,Ingrid
Beatrice,Alice,Alice
Diana,Ingrid,Ingrid
Alice,Gloria,Alice
Alice,Ingrid,Ingrid
Helen,Jane,Jane
Diana,Beatrice,Beatrice
Jane,Faith,Jane
Helen,Gloria,Helen
Gloria,Eva,Gloria
Faith,Gloria,Faith
Beatrice,Alice,Beatrice
Diana,Jane,Jane
Helen,Eva,Eva
Ingrid,Diana,Diana
Eva,Candice,Eva
Diana,Beatrice,Beatrice
Helen,Ingrid,Helen
Eva,Ingrid,Eva
Alice,Helen,Helen
Helen,Eva,Eva
Diana,Candice,Diana
Helen,Ingrid,Helen
Ingrid,Beatrice,Beatrice
Diana,Faith,Faith
Helen,Eva,Eva
Gloria,Candice,Candice
Faith,Eva,Eva
Faith,Ingrid,Ingrid
Helen,Jane,Jane
Eva,Gloria,Eva
Eva,Gloria,Eva
Gloria,Diana,Diana
Alice,Ingrid,Ingrid
Candice,Alice,Candice
Ingrid,Jane,Jane
Faith,Gloria,Faith
Gloria,Jane,Jane
Eva,Helen,Helen
Candice,Gloria,Candice
Alice,Jane,Jane
Diana,Faith,Diana
Gloria,Beatrice,Beatrice
Faith,Diana,Diana
Eva,Beatrice,Beatrice
Candice,Diana,Candice
Faith,Eva,Eva
Jane,Alice,Jane
Faith,Beatrice,Beatrice
Eva,Faith,Eva
Eva,Helen,Eva
Ingrid,Helen,Helen
Helen,Faith,Helen
Helen,Jane,Helen
Candice,Jane,Candice
Eva,Helen,Eva
Diana,Jane,Jane
Beatrice,Faith,Beatrice
Candice,Helen,Helen
Faith,Ingrid,Ingrid
Ingrid,Diana,Diana
Eva,Alice,Eva
Jane,Ingrid,Jane
Alice,Jane,Jane
Helen,Gloria,Helen
Alice,Gloria,Alice
Jane,Candice,Jane
Helen,Gloria,Helen
Alice,Jane,Jane
Alice,Gloria,Gloria
Candice,Beatrice,Beatrice
Alice,Gloria,Alice
Candice,Gloria,Candice
Faith,Gloria,Faith
Gloria,Eva,Eva
Beatrice,Ingrid,Beatrice
Eva,Helen,Eva
Gloria,Faith,Gloria
Helen,Ingrid,Helen
Helen,Candice,Helen
Alice,Ingrid,Alice
Ingrid,Alice,Ingrid
Alice,Beatrice,Beatrice
Beatrice,Candice,Beatrice
Ingrid,Alice,Ingrid
Jane,Faith,Jane
Candice,Helen,Helen
Helen,Beatrice,Beatrice
Gloria,Faith,Gloria
Faith,Jane,Jane
Jane,Diana,Jane
Candice,Diana,Diana
Jane,Faith,Jane
Beatrice,Diana,Beatrice
Jane,Ingrid,Jane
Jane,Eva,Eva
Helen,Candice,Candice
Ingrid,Candice,Ingrid
Beatrice,Eva,Eva
Beatrice,Candice,Beatrice
Eva,Beatrice,Beatrice
Beatrice,Ingrid,Beatrice
Jane,Gloria,Jane
Alice,Faith,Alice
Gloria,Jane,Jane
Alice,Beatrice,Beatrice
Candice,Eva,Eva
Jane,Ingrid,Jane
Ingrid,Diana,Ingrid
Gloria,Beatrice,Beatrice
Faith,Jane,Jane
Alice,Ingrid,Ingrid
Alice,Gloria,Gloria
Helen,Eva,Eva
Beatrice,Candice,Beatrice
Beatrice,Jane,Beatrice
Beatrice,Jane,Beatrice
Alice,Beatrice,Beatrice
Gloria,Eva,Eva
Diana,Candice,Candice
Candice,Eva,Eva
Diana,Eva,Eva
Diana,Helen,Helen
Alice,Helen,Alice
Ingrid,Faith,Ingrid
Eva,Diana,Eva
Gloria,Faith,Gloria
Alice,Helen,Alice
Gloria,Candice,Candice
Ingrid,Diana,Ingrid
Jane,Gloria,Jane
Faith,Ingrid,Ingrid
Faith,Candice,Candice
Candice,Ingrid,Candice
Helen,Candice,Helen
Diana,Gloria,Diana
Jane,Helen,Jane
Candice,Diana,Candice
Helen,Alice,Alice
Alice,Diana,Diana
Alice,Eva,Eva
Diana,Beatrice,Beatrice
Beatrice,Faith,Beatrice
Jane,Gloria,Jane
Alice,Ingrid,Alice
Faith,Alice,Alice
Faith,Helen,Faith
Alice,Eva,Eva
Candice,Alice,Alice
Eva,Gloria,Eva
Faith,Eva,Eva
Alice,Diana,Diana
Gloria,Alice,Gloria
Helen,Alice,Helen
Beatrice,Faith,Beatrice
Beatrice,Eva,Eva
